EmployeID,Nom,Prenom,Age,Sexe,Departement,Poste,Salaire,NiveauEtude,TypeContrat,DateEmbauche
EMP00000,Dijoux,Zacharie,36,F,Marketing,Chargé de com,21649.44,Bac+3,Stage,2017-03-17
EMP00001,Philippe,Théophile,64,H,Marketing,Chargé de com,22127.03,Bac+3,CDI,
EMP00002,Blondel,Catherine,53,H,Production,Comptable,26105.59,Bac+3,Alternance,2023-05-02
EMP00003,Berthelot,Maryse,47,H,Marketing,Chef de projet,29066.15,Master,CDD,2016-03-24
EMP00004,Clément,Christelle,25,F,Informatique,Développeur,34440.5,Bac+2,CDI,2016-09-04
EMP00005,Gomes,François,25,F,Informatique,RH,25592.26,,Stage,2020-05-20
EMP00006,Mallet,Anaïs,20,F,Production,RH,34243.14,Bac+3,Stage,2022-02-06
EMP00007,Diallo,Emmanuelle,60,H,Logistique,Chef de projet,34896.32,Bac,Stage,2024-11-29
EMP00008,Guibert,Hélène,47,H,RH,Chargé de com,33146.75,Master,Alternance,2017-02-01
EMP00009,Le Gall,Charlotte,52,,Finance,Développeur,22971.02,Master,Stage,
EMP00010,Louis,Henri,19,H,Finance,RH,35742.61,Bac+2,Alternance,2019-04-17
EMP00011,Maillard,Lucie,-1,F,Production,Technicien,48650.16,Master,CDD,2024-11-04
EMP00012,Texier,Audrey,58,H,Informatique,RH,33967.17,Bac+2,Stage,
EMP00013,Lévy,Adèle,28,F,Finance,Chargé de com,8375.4,Bac+3,,2022-04-21
EMP00014,Delmas,Odette,26,F,Informatique,Technicien,41927.04,Doctorat,Stage,2017-07-09
EMP00015,Hamon,Augustin,26,H,Logistique,Chef de projet,26378.02,Bac,CDI,2020-03-30
EMP00016,Perrot,Alex,32,H,RH,Développeur,50125.7,Bac+2,CDD,2022-10-21
EMP00017,Boutin,Gilbert,43,F,Logistique,Chef de projet,32930.91,Doctorat,CDD,2023-01-11
EMP00018,Étienne,André,39,F,Production,Chef de projet,18522.39,,CDI,2025-09-16
EMP00019,Gay,Thierry,32,H,Marketing,Développeur,15482.42,Bac+3,,
EMP00020,Chauveau,Marthe,47,,Marketing,Développeur,44317.93,Bac+3,CDI,2017-11-10
EMP00021,Lesage,Mathilde,24,H,Marketing,RH,40847.24,Bac+3,CDI,2020-06-20
EMP00022,Lambert,Théodore,32,H,Logistique,RH,49808.15,,,2020-01-20
EMP00023,Simon,Christophe,35,Autre,Finance,Développeur,32087.4,Doctorat,CDD,2016-04-09
EMP00024,Lesage,Maggie,40,H,RH,Technicien,31547.76,Bac,CDI,2024-10-19
EMP00025,Boyer,Dorothée,56,F,Marketing,Comptable,28938.25,Bac+3,CDD,2024-09-07
EMP00026,Bonnin,Colette,27,H,Production,RH,26733.68,Bac+3,Stage,2017-03-28
EMP00027,Diaz,Denise,43,H,Production,Comptable,28860.56,Master,CDI,2018-03-10
EMP00028,Vallée,Henriette,47,,Marketing,Technicien,-1000.0,Master,,2016-05-30
EMP00029,Humbert,Aimé,20,H,Marketing,Développeur,25248.79,Master,CDD,2018-08-06
EMP00030,Peltier,Gilles,47,F,RH,Technicien,18645.69,,CDD,2016-07-01
EMP00031,Petit,Marthe,26,H,Marketing,RH,33279.01,Bac,CDD,2017-10-04
EMP00032,Le Goff,Dominique,21,H,RH,Chef de projet,25070.44,Bac+2,Stage,2016-04-17
EMP00033,Pons,Madeleine,64,H,Production,Développeur,6084.5,Bac+3,CDI,2018-06-29
EMP00034,Maillot,Margaud,-1,F,Marketing,Chargé de com,36420.54,Bac+2,CDI,2016-11-02
EMP00035,Rousseau,Lorraine,57,H,Logistique,Comptable,23135.53,Bac,CDD,2018-03-12
EMP00036,Valentin,Véronique,32,F,Logistique,Technicien,37294.32,Bac,Alternance,2022-09-04
EMP00037,Lévêque,Valérie,22,F,Production,Développeur,37102.78,Master,CDI,2017-12-16
EMP00038,Laine,Margot,51,,RH,Technicien,34268.72,Doctorat,Stage,2025-01-12
EMP00039,Charrier,Brigitte,39,H,Logistique,Développeur,51974.54,Bac+3,Alternance,2019-01-12
EMP00040,Dubois,Pierre,23,F,RH,RH,30895.59,Bac+3,CDI,2018-11-21
EMP00041,Hamel,Louis,42,F,Logistique,RH,29714.88,Bac+2,CDI,
EMP00042,Bousquet,Claude,19,F,Logistique,RH,37469.38,Master,CDD,2016-11-15
EMP00043,Perez,Suzanne,62,F,RH,Technicien,31556.42,Master,CDD,2015-11-16
EMP00044,Noël,Agnès,30,F,Finance,Chargé de com,41283.95,Bac+3,CDI,2017-03-08
EMP00045,Devaux,Joseph,50,F,Logistique,RH,21849.55,Bac+2,CDD,2016-01-31
EMP00046,Collin,Xavier,33,H,Marketing,Développeur,21982.6,Bac,CDD,2019-02-26
EMP00047,Maillot,Gabriel,43,H,Production,RH,38126.48,Bac,CDD,2016-03-09
EMP00048,Pineau,Marc,44,Autre,Finance,Chef de projet,22681.51,Bac+3,CDI,2018-08-30
EMP00049,Boulanger,Camille,27,F,RH,RH,36872.79,Doctorat,CDD,2024-08-31
EMP00050,Dupuy,Margaud,-1,F,Finance,Technicien,34960.02,Doctorat,Stage,2021-09-07
EMP00051,Gaudin,Étienne,55,F,Informatique,Chargé de com,26444.09,Bac+3,,2024-02-05
EMP00052,Gay,Laure,63,H,Informatique,Chef de projet,34937.36,Master,Alternance,2017-03-19
EMP00053,Boulanger,Michèle,61,H,Logistique,Technicien,22123.26,,CDD,2016-07-31
EMP00054,Gimenez,Honoré,47,F,Logistique,Technicien,24000.8,Bac+2,CDD,Non précisé
EMP00055,Cohen,Chantal,63,H,Marketing,Technicien,30102.5,Bac+2,CDD,2022-11-02
EMP00056,Lebrun,René,22,H,Production,Développeur,32631.42,,CDI,2021-09-24
EMP00057,Lefebvre,Charles,27,F,Finance,Technicien,29570.89,Bac+2,CDI,2022-10-09
EMP00058,Weiss,Nicolas,20,H,Informatique,Développeur,35464.93,,Stage,2019-08-20
EMP00059,Teixeira,Michèle,33,F,Logistique,Technicien,35107.73,,CDI,2017-07-07
EMP00060,Charrier,Alexandre,37,H,Production,Comptable,44234.93,Master,CDI,2022-09-04
EMP00061,Gomez,Auguste,31,F,Finance,Chef de projet,31237.72,Doctorat,,2023-12-29
EMP00062,Simon,Martine,58,H,Logistique,Comptable,41556.51,Master,CDI,2022-02-19
EMP00063,Chauvin,Emmanuel,35,F,Logistique,Technicien,39365.8,Master,CDI,2022-04-28
EMP00064,Weber,Matthieu,31,H,Informatique,Chef de projet,50351.82,Bac+2,CDI,2023-03-24
EMP00065,Clerc,Alexandrie,44,H,Informatique,Chef de projet,30981.94,Bac,CDD,2021-05-02
EMP00066,Grenier,François,24,H,Logistique,Chargé de com,28637.13,Bac+2,Stage,2025-01-28
EMP00067,Auger,Claude,57,F,RH,Comptable,42061.55,Master,CDD,
EMP00068,Garcia,Bernard,21,F,Logistique,Chargé de com,35083.46,Bac,CDD,2025-08-08
EMP00069,Maréchal,Vincent,150,H,Production,Chef de projet,42253.27,Bac,Stage,2017-10-26
EMP00070,Mary,Corinne,55,F,Logistique,Développeur,37734.39,Bac,Alternance,2023-08-01
EMP00071,Daniel,Hortense,27,F,Marketing,Chef de projet,15145.9,Master,,2019-12-10
EMP00072,Costa,Laurent,18,F,Marketing,Chargé de com,35010.57,,Alternance,2021-03-08
EMP00073,Lebrun,David,57,H,Marketing,Comptable,34489.73,,CDD,2022-10-27
EMP00074,Riou,Xavier,52,F,RH,Technicien,33064.86,Bac+3,CDI,2019-09-17
EMP00075,Morin,Adélaïde,53,H,RH,Technicien,30942.06,Doctorat,CDI,2020-12-07
EMP00076,Riou,Vincent,55,H,Logistique,Comptable,19262.85,Master,CDI,2023-01-22
EMP00077,Costa,Matthieu,21,,Marketing,Technicien,38993.42,Bac+3,Stage,2017-03-10
EMP00078,Delmas,Dorothée,35,H,RH,Technicien,34990.15,Bac+3,Alternance,2023-02-02
EMP00079,Ribeiro,Agnès,23,F,Informatique,Chargé de com,40815.65,Bac,CDD,2021-09-22
EMP00080,Vasseur,Joseph,60,F,Logistique,Comptable,19689.96,,CDI,2020-07-01
EMP00081,Klein,Léon,48,F,Production,RH,36057.08,Bac+2,CDD,2025-08-08
EMP00082,Renard,Thérèse,34,F,Finance,Développeur,30122.73,Bac+3,,2017-12-31
EMP00083,Moulin,Océane,21,H,Logistique,Développeur,33150.3,Master,CDD,2015-12-28
EMP00084,Blanc,Madeleine,33,H,Finance,Technicien,30214.72,Bac+2,Alternance,2023-06-28
EMP00085,Pineau,Arthur,33,F,Marketing,Développeur,36348.86,Bac+2,Alternance,2021-08-12
EMP00086,Masson,Hortense,53,H,Finance,Comptable,30697.02,Master,,2021-07-06
EMP00087,Giraud,Matthieu,49,H,Marketing,Comptable,23584.68,Bac,Stage,2023-11-14
EMP00088,Vallet,Anaïs,61,H,Informatique,Chef de projet,32691.4,Master,Stage,2025-08-03
EMP00089,Pons,Christiane,41,H,Finance,Chef de projet,30286.6,Bac+3,CDI,
EMP00090,Nguyen,Élodie,23,H,Logistique,Développeur,31332.85,Master,CDI,2019-12-24
EMP00091,Navarro,Clémence,52,H,Marketing,RH,6497.51,Master,CDD,2016-07-06
EMP00092,Salmon,Laure,55,F,Logistique,Chef de projet,37461.09,Bac+3,CDI,2017-11-25
EMP00093,Hamon,Alphonse,45,F,RH,Chef de projet,29482.69,Bac+3,,2019-10-20
EMP00094,Poirier,Isaac,55,F,Marketing,Comptable,21214.77,Master,CDI,Non précisé
EMP00095,Carre,Caroline,42,H,Finance,RH,39380.51,Master,Alternance,2020-11-07
EMP00096,Merle,Célina,43,H,Marketing,Technicien,37090.93,Master,CDD,2019-10-13
EMP00097,Lefèvre,Julien,38,H,Logistique,Développeur,29381.44,Doctorat,CDD,2019-05-30
EMP00098,Lacombe,Denis,19,F,Informatique,Chef de projet,22782.64,Bac,,2022-06-06
EMP00099,Renard,Madeleine,23,F,Marketing,RH,33424.25,Bac+3,CDD,2019-07-30
EMP00100,Joseph,Brigitte,19,H,Finance,RH,32984.85,,CDD,
EMP00101,Carre,François,49,Autre,RH,Développeur,39394.67,Bac+2,CDI,2017-01-11
EMP00102,Sanchez,Christine,33,H,Production,RH,28450.12,Bac,Stage,2023-03-21
EMP00103,Pages,Alfred,42,F,Informatique,RH,41559.38,Bac+3,CDI,2018-05-23
EMP00104,Mendès,Valérie,62,F,RH,RH,27677.98,Bac,CDD,2024-03-16
EMP00105,Grenier,Grégoire,30,F,Marketing,Chef de projet,21233.35,Bac+2,CDD,2020-01-26
EMP00106,Lagarde,Aimé,38,F,Logistique,Développeur,22941.74,,Stage,2016-03-02
EMP00107,Laurent,Christelle,54,F,Logistique,RH,31500.71,Bac+3,Stage,2016-09-16
EMP00108,Masse,Frédérique,29,H,Finance,RH,31475.88,Bac+2,CDD,2018-07-23
EMP00109,Morel,Roland,21,F,Logistique,Chef de projet,34622.89,,CDD,2022-11-27
EMP00110,Lopez,Lorraine,32,H,Informatique,Développeur,31277.01,,Alternance,2022-07-03
EMP00111,Boyer,Marianne,25,F,Logistique,Comptable,39818.55,Bac+3,CDD,2019-05-18
EMP00112,Charpentier,Christelle,63,F,Finance,Chef de projet,29911.25,Bac+2,CDD,2016-01-18
EMP00113,Guillou,Thierry,57,F,Production,Développeur,16029.79,Doctorat,CDD,2017-03-30
EMP00114,Giraud,Constance,49,F,Marketing,RH,31031.23,Master,Alternance,2017-05-13
EMP00115,De Oliveira,Constance,60,F,Marketing,Développeur,15945.77,Master,CDD,2019-05-02
EMP00116,Pottier,Emmanuelle,57,F,Logistique,Développeur,34171.13,Doctorat,CDD,2022-04-18
EMP00117,Rolland,Audrey,27,F,RH,Technicien,40457.54,Master,Stage,2018-09-24
EMP00118,Traore,Antoinette,61,H,Marketing,Développeur,24110.2,Bac+2,Stage,2020-05-17
EMP00119,Perrier,Élodie,44,H,Production,Comptable,43348.45,Master,CDI,2019-11-10
EMP00120,Teixeira,Antoine,57,H,Logistique,Développeur,38742.65,Bac+2,CDD,2018-10-31
EMP00121,Hebert,Françoise,61,H,Finance,Comptable,41651.84,Master,Stage,2022-08-03
EMP00122,Mallet,Jules,33,F,Production,RH,33516.51,Master,,2025-01-03
EMP00123,Becker,Alexandrie,23,H,Logistique,Comptable,24057.88,Bac,Stage,2017-03-20
EMP00124,Wagner,Gabrielle,29,,Production,RH,38246.52,Bac+3,CDD,
EMP00125,Marchand,Marcel,38,H,Marketing,RH,27003.19,Bac+2,CDI,2024-12-04
EMP00126,Aubert,Adrien,58,H,Finance,Comptable,-1000.0,Bac+2,Alternance,
EMP00127,Gay,Paulette,60,F,Logistique,Chef de projet,30629.19,Master,Alternance,2024-11-15
EMP00128,Gallet,Éléonore,18,F,Informatique,Chargé de com,40997.57,Bac+2,CDI,2018-06-07
EMP00129,David,Renée,43,F,Finance,Développeur,37842.62,Master,CDI,2019-02-14
EMP00130,Dias,Céline,38,F,Informatique,Technicien,31355.47,Bac,Stage,2017-08-17
EMP00131,Mahe,Danielle,28,F,Production,Chargé de com,16387.14,Master,CDD,2021-07-25
EMP00132,Lenoir,Nicole,23,H,RH,Développeur,26918.18,Doctorat,CDD,Non précisé
EMP00133,Michel,Marcelle,34,,Finance,Développeur,37633.78,Master,CDI,2023-05-02
EMP00134,Robert,Susan,64,,Production,RH,34240.88,Bac+3,CDI,2016-04-21
EMP00135,Bigot,Maggie,33,F,Informatique,Développeur,19974.22,,CDD,2024-03-01
EMP00136,Roussel,Christophe,43,H,Marketing,Technicien,17547.3,Bac+2,Stage,2025-09-22
EMP00137,Caron,Guy,52,F,Marketing,Développeur,33564.07,Bac,CDD,2022-04-01
EMP00138,Vallet,Jacques,35,H,RH,Comptable,23543.54,Bac+3,CDD,2018-05-02
EMP00139,Fournier,Patricia,-1,H,Finance,Chargé de com,24313.63,Bac,CDI,2024-02-27
EMP00140,Dumas,Gérard,-1,H,Finance,Comptable,37380.86,,CDD,2019-06-29
EMP00141,Masson,Monique,30,F,Finance,Technicien,41617.91,Bac+2,CDI,2025-01-03
EMP00142,Descamps,Louis,42,F,Production,Développeur,25994.38,Master,CDD,2018-08-08
EMP00143,Guérin,Olivier,32,F,RH,Technicien,31641.92,Master,Stage,2021-11-10
EMP00144,Voisin,Pierre,31,F,Finance,RH,31406.03,Bac+2,CDI,2018-12-28
EMP00145,Durand,Antoine,19,H,Production,Comptable,30686.37,Master,CDI,2022-11-30
EMP00146,Maillet,Louis,47,H,Marketing,Comptable,32324.79,Bac,CDI,2021-11-07
EMP00147,Samson,Juliette,42,H,Informatique,Chef de projet,38051.99,Bac+3,CDD,2018-06-07
EMP00148,Besnard,Alexandre,20,,Production,Développeur,26608.61,Bac,Alternance,2020-08-04
EMP00149,Brun,Christiane,31,H,Marketing,RH,19797.78,,CDI,2025-09-23
EMP00150,Leduc,Jacqueline,62,F,Marketing,Comptable,-1000.0,,,2024-02-03
EMP00151,Le Goff,Henriette,29,F,Informatique,Comptable,40715.38,Bac+2,CDI,2021-06-21
EMP00152,Bodin,Margaux,25,H,Marketing,RH,23170.9,Bac+2,Alternance,2019-10-06
EMP00153,Salmon,Louise,41,F,RH,Technicien,33085.06,Master,CDD,2024-09-11
EMP00154,Marin,Dominique,150,F,Informatique,Technicien,40085.62,Bac+2,Stage,2019-02-23
EMP00155,Legrand,Alex,29,F,Marketing,Développeur,37992.35,Doctorat,CDD,2024-04-13
EMP00156,Letellier,Hélène,50,Autre,Logistique,Chef de projet,35696.11,Bac+3,CDD,2017-09-16
EMP00157,Lopez,Julie,55,H,Production,Comptable,-1000.0,Bac+2,Alternance,2024-02-15
EMP00158,Royer,Maryse,29,H,Marketing,Chef de projet,45818.43,Doctorat,Stage,2021-02-07
EMP00159,Jourdan,Laurent,53,F,RH,Technicien,33766.87,Bac+3,CDD,2018-12-01
EMP00160,Mathieu,Yves,36,Autre,Finance,Technicien,27880.33,,CDI,2015-11-08
EMP00161,Vallée,Théodore,48,H,Marketing,Chargé de com,38968.61,,CDI,2020-12-10
EMP00162,Jourdan,Alix,49,F,Finance,Développeur,32768.47,Bac,Alternance,2023-01-17
EMP00163,Poulain,Thierry,44,F,Logistique,Chargé de com,34798.38,Bac,CDD,2023-01-03
EMP00164,Rousset,Nathalie,22,F,Marketing,Chargé de com,33625.19,,CDD,2023-09-16
EMP00165,Bourgeois,Dominique,58,H,Informatique,Chargé de com,35974.2,,Stage,2020-06-10
EMP00166,Louis,Corinne,33,F,Finance,Développeur,24172.35,Bac,Alternance,2016-05-28
EMP00167,Blondel,Arnaude,27,Autre,Logistique,Développeur,20391.15,Doctorat,Stage,2019-08-20
EMP00168,Clément,Marcel,19,H,Informatique,RH,43473.06,Bac+3,Stage,2015-12-29
EMP00169,Chauveau,Élisabeth,46,H,Informatique,Chef de projet,33996.68,Bac+2,Stage,2022-11-02
EMP00170,Mathieu,Isabelle,51,,Informatique,Chef de projet,38166.78,Doctorat,CDD,2019-10-22
EMP00171,Daniel,Julien,18,H,Informatique,RH,-1000.0,Bac,CDI,2016-12-25
EMP00172,Guibert,Paul,43,F,Marketing,RH,40533.46,,Alternance,2020-08-02
EMP00173,Gonzalez,Emmanuel,29,F,Production,Technicien,27828.11,Bac+2,CDD,2021-08-08
EMP00174,Chauvin,Pénélope,49,H,Marketing,Chargé de com,25550.25,Master,,2017-02-08
EMP00175,Nguyen,Margaret,26,F,Marketing,RH,31493.01,Bac+2,CDI,2023-06-29
EMP00176,Meyer,Isabelle,51,H,Logistique,Comptable,24176.16,Bac+3,CDI,2022-09-04
EMP00177,Huet,Jeannine,36,F,Logistique,Chef de projet,31986.15,Master,,2020-10-28
EMP00178,Noël,Gilbert,63,H,Production,RH,30909.29,Bac,Stage,2018-02-27
EMP00179,Ferrand,Émilie,24,F,Logistique,Comptable,40483.17,Bac+3,CDD,2018-10-18
EMP00180,Allard,Philippine,34,H,RH,Comptable,44106.76,Bac+3,Stage,2020-01-15
EMP00181,Payet,Théophile,23,H,Production,Comptable,43852.13,Bac,Stage,2021-09-14
EMP00182,Monnier,Benoît,63,,Logistique,Technicien,13883.88,Doctorat,CDD,2016-08-12
EMP00183,Joly,Laure,60,H,Production,Technicien,24518.67,Bac+2,CDI,2015-12-28
EMP00184,Benoit,Clémence,30,F,Marketing,Comptable,13800.91,Bac+3,Alternance,2023-05-05
EMP00185,Mace,Mathilde,50,H,Marketing,Technicien,22451.66,Bac+3,Alternance,2020-05-12
EMP00186,Martins,Audrey,58,F,Production,Chargé de com,26803.85,Bac+3,CDI,2020-02-01
EMP00187,Gallet,Lucas,45,H,RH,Comptable,35284.49,Bac,Alternance,2017-07-08
EMP00188,Monnier,Capucine,43,,RH,Chargé de com,27840.53,Bac+3,Alternance,2023-05-15
EMP00189,Becker,Virginie,29,F,Production,Chargé de com,28063.44,Bac+3,CDD,Non précisé
EMP00190,Pereira,Maurice,22,H,Logistique,Comptable,33454.12,Master,Stage,2025-09-28
EMP00191,Pelletier,Isaac,61,H,Finance,Chef de projet,18325.52,Doctorat,CDD,2015-12-02
EMP00192,Lecoq,Roger,62,H,RH,Comptable,25291.25,Bac+3,CDI,2017-12-02
EMP00193,Barre,Paulette,48,F,Informatique,Comptable,27971.55,Bac,Stage,2020-10-29
EMP00194,Regnier,Augustin,34,H,Marketing,Technicien,30380.78,Bac+2,Alternance,2016-04-30
EMP00195,Charles,Patricia,35,F,Production,Comptable,32615.63,Bac,Stage,2024-05-28
EMP00196,De Oliveira,Jacques,53,H,Informatique,Chef de projet,44005.2,Bac,CDD,2017-02-18
EMP00197,Gallet,Jeanne,61,H,Production,Technicien,39266.69,Bac+2,CDI,2016-05-21
EMP00198,Samson,Astrid,61,F,Marketing,Développeur,25845.52,Bac+2,CDI,2015-11-22
EMP00199,Picard,Anaïs,56,F,Marketing,Développeur,29909.37,Bac+2,CDD,2017-03-12
EMP00200,Chevallier,Arthur,49,H,RH,Chargé de com,29364.49,Bac,CDI,2022-12-07
EMP00201,Lenoir,Isabelle,22,H,RH,Chargé de com,27886.78,Bac,CDD,2020-09-17
EMP00202,Pereira,Antoine,25,H,Informatique,Chef de projet,34180.13,Bac,CDD,2017-03-13
EMP00203,Joubert,Jeannine,61,F,Production,RH,17121.76,Bac,Stage,2023-03-14
EMP00204,Lacroix,Philippe,47,F,Marketing,Développeur,-1000.0,Bac+3,CDD,2024-02-29
EMP00205,David,Amélie,18,F,Informatique,Chargé de com,45548.41,Bac+3,CDD,2018-07-03
EMP00206,Faure,Benjamin,22,F,Finance,Développeur,29841.28,Bac,CDD,2018-01-21
EMP00207,Moulin,Arthur,50,F,Informatique,Chef de projet,29685.08,Bac+3,CDI,Non précisé
EMP00208,Tanguy,Lucie,18,F,Logistique,Chef de projet,33256.35,Bac+2,CDI,2016-08-04
EMP00209,Bouvier,Jeannine,25,F,Informatique,RH,40155.09,Bac,CDI,2019-11-22
EMP00210,David,Rémy,44,H,Logistique,RH,29405.65,Bac,Alternance,2022-02-11
EMP00211,Barthelemy,Aimé,51,H,Logistique,Technicien,39471.56,Bac+3,CDI,2024-01-10
EMP00212,Germain,Hugues,49,H,Logistique,Chef de projet,35907.96,Master,Stage,2024-04-15
EMP00213,Mendès,Théophile,28,H,Finance,Chargé de com,50892.89,Bac+2,,2024-05-14
EMP00214,Loiseau,Renée,52,F,Informatique,Développeur,29370.7,Bac,Stage,2023-07-28
EMP00215,Bousquet,Élisabeth,29,Autre,Informatique,Comptable,16192.0,Doctorat,CDI,2017-11-20
EMP00216,Benard,Laetitia,33,H,Finance,RH,20536.49,Bac+2,,2020-01-31
EMP00217,Salmon,Laurent,54,H,Marketing,Comptable,32095.43,Bac+2,CDI,2020-11-10
EMP00218,Millet,Suzanne,49,F,RH,Chargé de com,40223.06,Doctorat,CDD,2016-01-16
EMP00219,Wagner,Philippine,59,Autre,Informatique,RH,26779.93,Doctorat,Alternance,2018-07-20
EMP00220,Traore,Thomas,50,H,RH,Comptable,30152.54,Bac+3,Stage,2017-01-29
EMP00221,Leroy,Grégoire,45,F,Production,Chargé de com,37478.74,Bac+3,CDD,2021-07-08
EMP00222,Masson,Thibaut,22,H,Production,Développeur,24278.14,Bac+2,CDI,2017-11-02
EMP00223,Normand,Théophile,36,H,Finance,Chargé de com,27109.84,Bac,CDD,2019-07-17
EMP00224,Leconte,Hélène,30,,Production,Technicien,22658.19,Bac+3,CDD,2018-05-28
EMP00225,Voisin,Renée,29,,Production,RH,41425.82,Bac,CDD,2023-03-18
EMP00226,Goncalves,Michelle,-1,H,Marketing,Chef de projet,44333.38,Bac+3,,2017-08-31
EMP00227,Guérin,Frédéric,37,,Marketing,Développeur,19364.68,,,2021-12-23
EMP00228,Verdier,Paulette,61,F,Marketing,Comptable,30862.52,,Alternance,2019-09-11
EMP00229,Gaudin,Alexandria,48,F,Production,RH,43258.07,Bac+2,CDD,2016-02-22
EMP00230,Prévost,Renée,56,F,Finance,Chef de projet,35189.56,Master,Stage,2020-02-26
EMP00231,Rolland,Margaux,42,F,Logistique,Chargé de com,28086.09,Bac+3,,2025-05-15
EMP00232,Maurice,Marguerite,46,F,Logistique,Chef de projet,19630.7,Doctorat,Alternance,2016-11-11
EMP00233,Duhamel,Christiane,42,F,RH,RH,41223.56,Bac+2,CDD,2020-02-29
EMP00234,Perrin,Martine,27,H,Logistique,RH,34884.12,Bac,CDI,2016-07-22
EMP00235,Laporte,Emmanuel,53,H,Logistique,Technicien,20216.11,Bac,CDI,2025-02-17
EMP00236,Clerc,Benoît,31,H,Marketing,Technicien,41519.13,Bac+2,CDD,2025-07-31
EMP00237,Pereira,Thérèse,19,F,Marketing,Chef de projet,19196.77,Bac+2,Stage,2016-06-15
EMP00238,Legros,Michelle,49,H,Production,Chargé de com,30236.11,Master,Alternance,2024-02-15
EMP00239,Bodin,Paulette,26,F,RH,Chef de projet,-1000.0,Master,CDI,2017-10-13
EMP00240,Lefort,Honoré,64,,Informatique,RH,44947.05,Bac+2,CDI,2018-10-12
EMP00241,Monnier,Nathalie,64,H,RH,RH,29911.63,Bac+3,CDD,2015-11-07
EMP00242,Da Silva,Emmanuel,62,F,RH,Comptable,29882.86,Bac,CDD,2018-12-23
EMP00243,Barbier,Timothée,36,H,Finance,Technicien,21095.37,Doctorat,CDI,2022-09-14
EMP00244,Millet,Aimé,18,F,Production,Comptable,26876.82,,Stage,2025-03-24
EMP00245,Legendre,Sébastien,63,H,Finance,Développeur,25461.64,,CDD,2024-07-05
EMP00246,Charpentier,Alix,38,F,RH,RH,25878.22,Doctorat,Stage,2023-10-05
EMP00247,Costa,Éléonore,-1,F,RH,Comptable,32050.28,Bac,CDD,2020-04-06
EMP00248,Vallet,Anaïs,-1,Autre,RH,Chef de projet,12526.59,Bac,CDD,2016-07-01
EMP00249,Vasseur,Théodore,59,F,Logistique,Technicien,19918.16,Bac+3,CDD,2017-11-07
EMP00250,Delmas,Théophile,32,F,Finance,Technicien,31111.85,,Alternance,2019-06-03
EMP00251,Didier,Matthieu,36,F,RH,Chargé de com,32970.04,Bac,CDI,2022-07-01
EMP00252,Thierry,Agnès,59,F,Marketing,Chef de projet,30132.54,Bac,Alternance,2016-10-26
EMP00253,Blondel,Audrey,33,F,Production,Chargé de com,31673.64,Doctorat,CDD,2017-12-05
EMP00254,Evrard,Thomas,26,H,Production,Comptable,28727.07,Bac,Alternance,Non précisé
EMP00255,Fischer,Richard,45,Autre,Marketing,Développeur,31851.96,Bac+3,Alternance,2022-03-09
EMP00256,Lambert,Alfred,63,F,Production,Chef de projet,35473.14,Master,CDD,2017-04-24
EMP00257,Poulain,Virginie,52,F,Logistique,Chef de projet,35417.07,Bac+2,Stage,2020-04-11
EMP00258,Tessier,Victor,45,H,Logistique,Chef de projet,26488.33,Bac,CDI,Non précisé
EMP00259,Blanc,Amélie,22,F,Informatique,Chargé de com,39320.76,Master,Alternance,2017-02-23
EMP00260,Chrétien,Claire,48,H,Informatique,Comptable,33256.87,Master,CDD,2022-01-20
EMP00261,Gillet,Claudine,150,F,Informatique,Chef de projet,41857.71,,CDD,2017-02-27
EMP00262,Moulin,Laurence,24,H,Production,Chef de projet,43462.98,Bac+2,Stage,2024-12-09
EMP00263,Descamps,Jeanne,43,F,Logistique,Technicien,20458.19,Bac,Alternance,2023-02-08
EMP00264,Lenoir,Éléonore,60,,Logistique,Développeur,25127.78,Master,CDI,2016-04-24
EMP00265,Roussel,Alice,54,H,Logistique,Technicien,-1000.0,Bac+3,Stage,2020-12-28
EMP00266,Bouvet,Christophe,52,,Marketing,Technicien,18680.86,Bac+2,CDD,2018-09-11
EMP00267,Hervé,Luc,52,H,Logistique,Développeur,43361.42,Master,CDD,2015-12-31
EMP00268,Giraud,Alex,35,F,Marketing,Comptable,29248.94,Bac+2,Stage,2020-12-27
EMP00269,Ferrand,William,32,F,Informatique,Technicien,36600.26,Bac+2,CDD,
EMP00270,Delmas,Thibaut,57,F,Informatique,Comptable,31068.87,Bac,CDD,2019-09-07
EMP00271,Gilbert,Christelle,57,F,Production,Technicien,20860.88,Bac+2,Alternance,2017-10-23
EMP00272,Salmon,Lucie,60,F,Informatique,RH,40444.36,Bac+3,CDI,2022-08-20
EMP00273,Leclerc,Alphonse,62,H,Production,Développeur,54005.78,Bac+3,Stage,2023-08-22
EMP00274,Carre,Henriette,43,H,RH,Technicien,27879.93,Master,CDI,2021-07-12
EMP00275,Hoareau,Diane,42,F,RH,RH,29421.13,,CDI,2024-06-02
EMP00276,Rossi,Charles,57,F,Finance,Chargé de com,10807.2,Bac,CDI,2018-08-02
EMP00277,Gimenez,Julien,49,F,Production,RH,42812.02,Bac,Stage,2023-09-27
EMP00278,Perez,Thibault,52,F,Finance,Chef de projet,39294.12,Bac,Stage,2019-09-08
EMP00279,Godard,Audrey,56,H,Finance,Technicien,18132.93,Bac,CDI,2020-07-22
EMP00280,Morin,Joséphine,61,F,RH,RH,15480.92,Master,CDI,2023-08-17
EMP00281,Marchal,Thierry,34,H,Production,Comptable,16406.15,Master,,2016-04-26
EMP00282,Fontaine,Philippine,36,F,RH,Chargé de com,37161.35,Master,CDI,2025-01-05
EMP00283,Mendès,Stéphane,22,H,Finance,Technicien,37959.93,Bac+2,Alternance,2020-04-18
EMP00284,Tanguy,Hélène,46,H,Production,Chef de projet,24613.33,Bac+2,CDI,2025-05-22
EMP00285,Peltier,Étienne,19,H,Finance,RH,35994.08,Bac+3,Stage,2019-07-30
EMP00286,Prévost,Odette,40,H,Logistique,Chargé de com,33271.02,Bac,CDD,2023-03-05
EMP00287,Fernandez,Élise,44,F,Production,Technicien,29061.84,Master,Alternance,2018-09-20
EMP00288,Prévost,Eugène,32,H,Production,Chargé de com,39761.57,,Stage,2019-04-05
EMP00289,Courtois,René,46,H,Finance,Chef de projet,22360.52,Bac+2,CDD,2017-12-02
EMP00290,Lemaire,Michel,19,H,Logistique,RH,41180.31,Master,CDI,
EMP00291,Ollivier,Cécile,19,H,Marketing,Chargé de com,26171.83,Bac+3,Stage,2017-10-20
EMP00292,Diallo,Constance,58,H,RH,Chargé de com,46252.29,Bac,Stage,2020-08-26
EMP00293,David,Pierre,35,H,Finance,Développeur,23957.55,Bac+3,CDI,2020-02-02
EMP00294,Munoz,Louis,24,F,Production,Chargé de com,29187.42,Bac+2,CDI,2017-11-02
EMP00295,Guérin,Claire,43,F,RH,Développeur,32468.7,Bac,Alternance,2019-03-09
EMP00296,Barbier,Margot,55,F,RH,RH,32418.55,Master,CDI,Non précisé
EMP00297,Seguin,Jacques,28,F,RH,Technicien,35926.63,Doctorat,Stage,
EMP00298,Da Silva,Sylvie,48,H,Marketing,Technicien,21714.54,Bac+2,CDD,Non précisé
EMP00299,Lacroix,Arnaude,22,F,Informatique,RH,31701.5,Bac+2,Alternance,2025-06-02
EMP00300,Lemaire,Geneviève,20,F,Finance,RH,33105.05,Doctorat,,2021-12-01
EMP00301,Delmas,Aimée,44,F,Informatique,Comptable,27778.09,Doctorat,,2016-07-24
EMP00302,Lefort,Roland,44,H,Informatique,RH,35232.47,Master,CDI,2020-04-30
EMP00303,Pasquier,Jeanne,49,H,Informatique,Chargé de com,21229.04,Bac+2,Alternance,2023-06-28
EMP00304,Laine,Margaux,53,H,RH,Technicien,29388.37,,CDI,2021-08-02
EMP00305,Valette,Charles,-1,H,Logistique,Chef de projet,25974.53,Bac,CDD,2023-07-01
EMP00306,Bazin,Gérard,43,F,RH,Technicien,29412.55,Master,CDD,2019-05-18
EMP00307,Cousin,Émilie,33,F,RH,Développeur,43576.28,Bac,CDI,2017-05-16
EMP00308,Guillot,Aimé,56,F,Production,Technicien,43731.65,Master,,2018-07-10
EMP00309,Huet,Christelle,31,F,Production,Comptable,42163.33,Bac+2,CDI,2018-04-03
EMP00310,Blondel,Isaac,39,F,Informatique,RH,28301.94,Bac+3,Stage,2023-09-14
EMP00311,Riou,Emmanuelle,21,F,RH,RH,39260.95,Bac+2,Stage,2018-03-08
EMP00312,Jacob,Richard,19,,Informatique,Technicien,32898.9,Bac,Stage,2022-07-22
EMP00313,Lebon,Gilles,-1,H,Production,Chef de projet,32364.72,Master,CDI,2016-07-08
EMP00314,Lacombe,Agnès,58,H,Logistique,Chef de projet,31381.11,Doctorat,CDD,2019-05-18
EMP00315,Daniel,Margaret,52,H,Finance,Comptable,46067.34,,Alternance,2020-06-29
EMP00316,Weiss,Margaud,38,F,Informatique,Développeur,42926.71,Bac,CDD,2024-03-29
EMP00317,Jacquot,Christelle,26,F,Logistique,Technicien,37959.17,Master,CDD,2021-12-13
EMP00318,Morvan,Roger,25,H,Finance,RH,30637.59,Master,CDI,2024-03-14
EMP00319,Vallée,Thomas,30,Autre,Marketing,Technicien,32316.49,Bac+2,CDD,2018-11-26
EMP00320,Mace,Astrid,44,H,Informatique,Comptable,36244.53,Bac,Alternance,2016-06-10
EMP00321,Weber,Aimé,52,Autre,Informatique,Chargé de com,27827.13,Master,CDD,2022-08-22
EMP00322,Delorme,Grégoire,50,H,Marketing,Chargé de com,39506.53,,CDD,2024-04-25
EMP00323,Charrier,Valérie,31,H,Marketing,Comptable,24630.04,Master,CDD,2017-12-08
EMP00324,Humbert,William,64,F,Informatique,RH,35134.75,Bac+3,CDD,
EMP00325,Lévy,Zoé,54,H,Marketing,Comptable,13682.28,Bac+3,CDI,2024-03-24
EMP00326,Gallet,Bernadette,45,H,RH,RH,27595.05,Bac,CDI,2017-07-26
EMP00327,Leduc,Matthieu,47,H,Finance,Chef de projet,48621.42,Master,CDD,2019-08-13
EMP00328,Morel,Étienne,38,F,Finance,Comptable,40289.53,Master,Stage,2018-10-19
EMP00329,Girard,Dorothée,30,F,Finance,RH,44283.75,Bac,CDD,2019-05-25
EMP00330,Barbe,Victoire,35,H,RH,Comptable,26661.54,Doctorat,CDD,2025-04-12
EMP00331,Ferrand,Capucine,55,F,Marketing,Comptable,32830.18,Bac+2,CDD,2023-01-25
EMP00332,Thibault,Julie,18,F,Logistique,RH,42255.94,,CDI,2020-05-02
EMP00333,Bruneau,Michel,23,H,Marketing,RH,37064.76,Bac+2,,2017-02-13
EMP00334,Ollivier,Benoît,20,H,Informatique,Développeur,36068.53,Bac,CDD,2017-05-24
EMP00335,Perrier,Adélaïde,19,H,Production,Comptable,45044.66,Bac+2,CDI,2019-04-27
EMP00336,Lecomte,Dorothée,59,H,Finance,Chargé de com,23676.36,Bac+3,CDI,2024-02-28
EMP00337,Dupont,Agnès,52,F,Marketing,Comptable,30526.1,Bac,,2019-11-26
EMP00338,Renard,Martine,41,H,Logistique,Comptable,17967.32,Bac+3,CDI,2019-03-26
EMP00339,Allain,Antoine,22,F,Informatique,RH,23239.15,Bac+3,Alternance,2017-10-27
EMP00340,Marques,Thibaut,42,F,RH,Comptable,40593.48,Master,CDI,2024-07-26
EMP00341,Mallet,Sébastien,41,H,RH,Technicien,24661.21,Bac,,2021-05-13
EMP00342,Grondin,Victoire,26,F,Logistique,Comptable,37884.19,Bac+3,Alternance,
EMP00343,Bigot,Inès,39,H,Informatique,Technicien,45267.88,Bac,CDD,2022-06-30
EMP00344,Lefebvre,Andrée,37,,Finance,Chargé de com,30576.49,Master,CDI,2020-11-19
EMP00345,Lacombe,Louise,48,F,Marketing,RH,36158.91,Bac,CDI,2023-12-03
EMP00346,Paris,Laurence,49,F,Informatique,Comptable,37946.5,,CDD,2017-04-04
EMP00347,Martins,Henri,20,F,RH,Technicien,22228.04,Master,CDD,2020-08-23
EMP00348,Chevalier,Marguerite,36,H,Logistique,Technicien,27068.38,Bac+3,CDI,2019-09-19
EMP00349,Ferrand,Victoire,48,F,Logistique,Technicien,23970.71,Bac+3,CDI,2024-09-28
EMP00350,Guyon,Colette,42,,Marketing,Chef de projet,27706.22,Bac,CDD,2023-08-19
EMP00351,Mercier,Joséphine,59,F,Logistique,Développeur,37728.89,Bac+2,CDD,2024-11-22
EMP00352,Wagner,Philippe,50,F,Logistique,Chargé de com,27238.43,Doctorat,CDI,2018-07-11
EMP00353,Munoz,Margaud,25,F,Informatique,Comptable,31718.77,,CDI,2024-01-08
EMP00354,Legrand,Patrick,21,H,Finance,Chef de projet,23660.31,Bac,,2024-08-01
EMP00355,Blanchet,Suzanne,49,H,Marketing,Comptable,41811.38,Bac+3,CDD,2024-11-30
EMP00356,Couturier,Martin,19,F,Informatique,Comptable,27639.12,Master,Stage,2023-03-08
EMP00357,Devaux,Yves,46,H,Finance,RH,44183.84,Master,CDD,2024-02-09
EMP00358,Martineau,Marine,64,F,Informatique,RH,32487.43,Bac,CDI,2018-12-29
EMP00359,Lévêque,Diane,46,Autre,Production,RH,20744.0,Bac+2,CDD,2023-02-10
EMP00360,Coulon,Éric,37,H,Informatique,Chef de projet,30631.79,Bac+2,CDD,2019-02-13
EMP00361,Boulanger,Georges,49,H,Logistique,Comptable,23497.79,Doctorat,Alternance,2024-12-12
EMP00362,Cordier,Charlotte,40,F,Finance,Développeur,36714.8,Bac+3,Stage,2022-10-02
EMP00363,Henry,Philippe,44,H,Marketing,Chargé de com,29909.1,Bac+3,CDI,2018-02-14
EMP00364,Masson,Stéphanie,64,F,Marketing,RH,33305.68,,,2022-07-24
EMP00365,Barthelemy,Noël,36,H,Finance,RH,29045.18,Master,CDD,2021-11-02
EMP00366,Laroche,Claire,-1,F,Logistique,Comptable,27557.26,Doctorat,,Non précisé
EMP00367,Courtois,Christophe,62,H,RH,Comptable,24211.02,Bac+3,,2016-07-14
EMP00368,Humbert,Louis,27,F,Informatique,Chef de projet,38689.78,Bac,CDI,
EMP00369,Mary,Chantal,21,F,Logistique,Chef de projet,30614.78,,CDD,2019-10-26
EMP00370,Lecomte,Margot,22,F,Production,RH,29482.47,Bac+3,CDD,2022-04-14
EMP00371,Baudry,Lucy,18,H,Finance,Comptable,30414.29,Bac,Stage,2024-01-06
EMP00372,Grondin,Joséphine,22,F,Informatique,Développeur,26569.11,Bac+2,CDD,2024-08-07
EMP00373,Blot,Stéphane,51,F,Marketing,Chargé de com,29509.19,Bac,,2024-07-17
EMP00374,Barthelemy,Mathilde,21,H,RH,Comptable,33645.04,Bac+3,Stage,2016-11-20
EMP00375,Le Gall,Émile,33,H,Production,Comptable,23726.9,Doctorat,CDI,2021-08-20
EMP00376,Peltier,Stéphanie,59,H,Marketing,Technicien,24885.18,,CDI,2018-12-15
EMP00377,Andre,Sabine,19,F,Finance,Chef de projet,43026.27,,Stage,2018-08-11
EMP00378,Rossi,Jeannine,57,F,Informatique,Chargé de com,29097.95,Bac,CDI,2023-05-07
EMP00379,Pires,Noël,31,F,Finance,RH,27587.51,Bac+2,Stage,2016-10-15
EMP00380,Carlier,Gilles,23,H,Informatique,Comptable,21249.03,Bac,CDD,2022-05-26
EMP00381,Prévost,Olivier,52,H,Logistique,RH,38805.42,Doctorat,CDD,2023-12-07
EMP00382,Georges,Adrienne,48,F,RH,Comptable,23552.59,Bac+2,CDI,2021-11-27
EMP00383,Perret,Théophile,60,F,Logistique,RH,31877.66,Master,Stage,2022-05-10
EMP00384,Leleu,François,53,,Logistique,Chargé de com,18334.52,Master,CDI,2021-02-23
EMP00385,Weiss,Hélène,57,H,Finance,Chef de projet,38545.38,Bac+3,Stage,2020-05-29
EMP00386,Besson,David,31,F,RH,Chargé de com,41414.85,Bac+2,CDD,2016-04-24
EMP00387,Lecomte,Nathalie,26,H,Informatique,Technicien,35876.16,,Stage,2017-02-18
EMP00388,Chauveau,André,54,H,Informatique,Développeur,19724.16,,CDD,2025-10-18
EMP00389,Fernandes,Daniel,57,F,Production,Chef de projet,38710.1,Bac+2,CDI,2025-09-05
EMP00390,Lacroix,Maryse,150,F,Marketing,Chargé de com,25381.21,Bac+3,Stage,2021-01-07
EMP00391,Raymond,Anne,38,,Production,Technicien,22632.22,,CDI,2024-04-18
EMP00392,Marchal,Matthieu,36,H,Production,Développeur,28932.31,Bac,CDD,2017-05-20
EMP00393,Langlois,Alfred,56,H,Informatique,Technicien,28773.06,Bac+3,CDI,2016-05-08
EMP00394,Bouvier,Augustin,34,F,Finance,Comptable,27959.61,Bac,Stage,
EMP00395,Coulon,Bernard,63,F,Logistique,Comptable,42189.39,Bac+3,,2020-09-28
EMP00396,Chartier,Laurent,60,H,Logistique,RH,48094.61,Bac,CDD,2019-05-28
EMP00397,Leclerc,Julie,39,H,Logistique,Chef de projet,21046.91,Bac+3,CDD,2025-08-27
EMP00398,Coste,Mathilde,54,H,RH,Comptable,26489.34,Bac+2,Stage,2024-04-16
EMP00399,Camus,Victor,54,F,Informatique,Technicien,33141.99,Bac+3,CDI,2021-01-06
EMP00400,Joly,Patrick,23,H,Finance,Chef de projet,28890.27,,,2018-04-04
EMP00401,Da Costa,Margot,62,H,RH,Comptable,35195.19,Doctorat,CDI,2018-03-13
EMP00402,Schmitt,Françoise,42,H,Marketing,RH,39327.88,Doctorat,,2022-03-09
EMP00403,Dumont,Noémi,58,H,Finance,Chargé de com,37994.93,Master,Stage,2018-01-28
EMP00404,Masse,Philippine,33,H,Production,RH,36877.87,Bac,Stage,2023-08-18
EMP00405,Olivier,Arnaude,61,F,Finance,Développeur,45272.76,Bac+2,Stage,2023-03-05
EMP00406,Mahe,Augustin,37,H,Finance,Comptable,19288.42,,CDD,2024-05-24
EMP00407,Thomas,Éléonore,18,F,Logistique,Développeur,43840.87,Bac+2,CDD,2020-05-25
EMP00408,Mallet,Marguerite,62,H,Finance,Développeur,28696.07,Bac,CDI,2017-07-11
EMP00409,Jacob,Pénélope,22,F,Production,Technicien,38281.0,Master,Stage,Non précisé
EMP00410,Launay,Audrey,33,F,Production,Chef de projet,23762.67,Bac+2,Stage,2023-07-16
EMP00411,Peron,Océane,64,F,Informatique,Technicien,24732.03,Bac+2,Alternance,2025-04-16
EMP00412,Poirier,Laurence,64,F,Finance,Comptable,37296.94,,CDD,2018-03-08
EMP00413,Voisin,Benjamin,46,H,Logistique,Développeur,16570.16,Doctorat,CDI,2016-01-12
EMP00414,Baron,Jacqueline,48,H,Finance,Chargé de com,39915.54,Bac+3,CDD,2018-12-09
EMP00415,Mendès,Maggie,39,F,Marketing,Développeur,42079.71,,Stage,
EMP00416,Leblanc,Agathe,32,,Marketing,Chargé de com,33422.28,Master,CDI,2016-09-04
EMP00417,Boulay,Mathilde,34,F,Logistique,Technicien,33134.09,Master,CDI,2025-01-04
EMP00418,Techer,Christophe,50,F,Informatique,Technicien,25330.91,Bac,Alternance,2021-10-26
EMP00419,Pires,Benjamin,54,F,Informatique,Chef de projet,37395.6,Bac,CDD,2025-10-01
EMP00420,Meunier,Danielle,56,F,Production,Développeur,34781.32,Master,CDD,2025-05-26
EMP00421,Faure,Valentine,56,H,Production,RH,24627.96,Doctorat,CDD,2025-04-12
EMP00422,Lefebvre,Margot,22,F,RH,Technicien,28868.16,Master,Stage,2021-07-01
EMP00423,Picard,René,42,,Logistique,Technicien,30725.32,Bac,CDI,2018-04-12
EMP00424,Poirier,Claude,20,H,Finance,Chef de projet,28857.58,Bac,Stage,2023-04-04
EMP00425,Moulin,Éric,44,F,Logistique,Chargé de com,21096.71,Doctorat,CDI,2021-06-15
EMP00426,Leroux,Nathalie,39,H,RH,Chef de projet,37592.16,Bac,Alternance,2019-02-09
EMP00427,Garcia,Vincent,61,F,Production,Développeur,30051.92,Bac+3,CDD,
EMP00428,Dumont,Adrien,35,H,Logistique,Comptable,32122.92,Bac,CDD,2024-10-23
EMP00429,Millet,Céline,23,F,Logistique,Comptable,27373.87,Bac,Stage,2018-11-23
EMP00430,Lemonnier,Constance,25,F,Production,Chargé de com,35802.17,Master,Stage,2018-09-27
EMP00431,Martel,Adrienne,55,H,RH,Technicien,33589.57,Master,CDI,2021-06-24
EMP00432,Laine,Charlotte,48,F,Production,Chargé de com,41702.28,Bac+2,Stage,2023-03-16
EMP00433,Leleu,Agathe,22,F,Informatique,Technicien,35844.79,Bac+2,CDI,2022-02-11
EMP00434,Potier,Bernadette,22,Autre,Finance,Technicien,30378.52,Doctorat,,2019-05-14
EMP00435,Lelièvre,Timothée,52,H,Production,Comptable,26082.27,Bac+2,Alternance,2023-08-03
EMP00436,Roger,Hortense,21,H,RH,Chargé de com,38927.62,Bac+3,CDD,2022-11-07
EMP00437,Leblanc,Margaret,58,H,Marketing,Chef de projet,29739.39,,Alternance,2023-09-13
EMP00438,Carlier,Brigitte,52,,Informatique,Technicien,30626.26,Bac,CDD,2019-02-02
EMP00439,Chrétien,Véronique,21,Autre,Marketing,RH,30624.23,,CDI,2016-08-14
EMP00440,Jourdan,Emmanuelle,22,F,Production,RH,28787.14,Bac,,2023-03-31
EMP00441,Pasquier,Timothée,150,F,Informatique,Chef de projet,30763.69,Bac+3,Stage,2019-08-21
EMP00442,Renard,Roger,36,F,Finance,RH,47409.66,Bac+2,CDD,2025-10-11
EMP00443,Cohen,Suzanne,36,F,Production,Développeur,23617.42,,CDD,2025-02-16
EMP00444,De Sousa,Arnaude,57,H,Finance,Technicien,-1000.0,Bac+2,CDD,2025-05-16
EMP00445,Benoit,Anne,64,F,Logistique,Chef de projet,43074.6,Bac+2,,2015-12-10
EMP00446,Besson,Olivier,150,H,Marketing,Chargé de com,29001.56,,CDI,2025-07-18
EMP00447,Blanchet,Valérie,54,F,Informatique,Technicien,28395.03,Bac+3,CDD,2024-05-29
EMP00448,Masson,Laure,36,F,Finance,Chef de projet,40278.91,Bac+3,CDD,2025-06-03
EMP00449,Blanc,Luc,22,F,RH,Comptable,20638.44,Bac+2,CDD,Non précisé
EMP00450,Nicolas,Alexandre,56,H,Finance,Chargé de com,38571.64,Master,CDD,2019-07-20
EMP00451,Gaudin,Suzanne,45,H,RH,Comptable,32364.93,Bac,CDI,2024-12-04
EMP00452,Turpin,Agnès,38,H,Production,Technicien,35718.42,Bac,CDI,2021-10-26
EMP00453,Lenoir,Arthur,62,H,Informatique,Chargé de com,35568.25,Bac+3,CDI,2015-12-17
EMP00454,Ruiz,Brigitte,23,H,Finance,RH,26976.14,Bac+2,,2023-07-05
EMP00455,Toussaint,Luce,42,Autre,Finance,Chef de projet,40409.47,,CDI,2022-06-29
EMP00456,Fournier,Léon,18,F,Informatique,Technicien,27598.9,,Stage,2024-01-24
EMP00457,Roussel,Hortense,40,H,Finance,Développeur,35270.79,Master,Stage,2021-06-15
EMP00458,Faivre,Théodore,20,H,RH,Chargé de com,41901.8,Doctorat,Alternance,2016-05-18
EMP00459,Toussaint,Timothée,23,H,Finance,Chargé de com,43031.21,Master,Alternance,2022-07-06
EMP00460,Millet,Camille,23,F,Marketing,Technicien,29862.99,Bac,CDI,2024-12-06
EMP00461,Bourgeois,Alexandria,49,F,Production,Technicien,35705.08,Master,CDI,2020-05-03
EMP00462,Michaud,Bertrand,54,Autre,Logistique,Comptable,29124.09,Bac+2,CDD,2020-03-23
EMP00463,Le Goff,Pierre,46,F,RH,RH,-1000.0,Bac+2,CDI,2024-04-21
EMP00464,Delahaye,Lucas,-1,,Marketing,Comptable,38241.01,Doctorat,Stage,2023-01-01
EMP00465,Moulin,Jeanne,36,F,Production,Comptable,32672.47,Bac+3,Stage,2021-03-17
EMP00466,Muller,Capucine,31,H,Informatique,RH,34500.5,Doctorat,Alternance,2025-01-16
EMP00467,Texier,Christine,60,Autre,RH,Développeur,35256.84,Bac+2,CDI,2024-05-05
EMP00468,Lelièvre,Grégoire,28,H,Logistique,Comptable,35493.95,Master,,2017-08-27
EMP00469,Rémy,Emmanuelle,-1,F,Production,Comptable,30080.01,Bac,CDI,2017-01-10
EMP00470,Monnier,Michelle,18,H,Logistique,Chargé de com,28845.38,Master,CDD,2016-04-21
EMP00471,Becker,Xavier,-1,F,Informatique,RH,30785.17,Master,CDD,2023-10-18
EMP00472,Legendre,Adèle,20,F,Informatique,Chef de projet,22882.47,Bac+3,Stage,2016-05-01
EMP00473,Tessier,Dorothée,61,F,RH,Développeur,37746.2,Bac+2,CDD,2020-11-18
EMP00474,Rémy,Xavier,43,F,Finance,Développeur,25586.36,Bac,,2024-07-02
EMP00475,Garnier,Bernadette,150,H,Informatique,RH,23520.4,Bac,,2017-08-06
EMP00476,Vallée,Michelle,21,H,Production,Technicien,31885.16,Master,Alternance,2022-12-26
EMP00477,Rémy,Marianne,45,H,Finance,Technicien,30959.02,,CDI,Non précisé
EMP00478,Peltier,Philippine,-1,H,Marketing,Chargé de com,33997.08,Bac+2,Alternance,2024-10-08
EMP00479,Meunier,Arthur,43,F,Logistique,Chargé de com,27454.36,Master,Stage,2018-08-15
EMP00480,Delahaye,Agathe,48,H,Finance,RH,28859.66,Doctorat,CDI,2017-04-07
EMP00481,Moulin,Timothée,52,,Logistique,Chargé de com,37536.96,Bac+3,CDI,
EMP00482,Picard,Pierre,40,F,Finance,Développeur,37049.74,Master,CDI,2022-12-20
EMP00483,Maillot,Édouard,48,F,Marketing,Développeur,36716.2,Doctorat,CDI,2020-03-10
EMP00484,Vincent,Guillaume,46,H,Informatique,Chef de projet,32271.74,Bac+2,CDD,2020-05-28
EMP00485,Chauvet,Odette,62,F,Marketing,Technicien,33351.38,Bac+2,,2020-09-18
EMP00486,Neveu,Hugues,20,Autre,Informatique,RH,33843.51,Bac,CDD,2024-12-12
EMP00487,Lopez,Joséphine,31,F,Informatique,Comptable,26751.67,,CDD,2018-09-02
EMP00488,Vincent,Lucy,64,F,Logistique,Technicien,43792.37,,,2025-06-23
EMP00489,Gauthier,Michèle,61,F,Production,Comptable,42652.7,Master,CDI,2024-09-13
EMP00490,Rocher,Alexandria,40,H,Marketing,Chef de projet,38353.96,Bac,Alternance,2016-11-06
EMP00491,Regnier,Vincent,48,F,Finance,Chef de projet,28593.11,Bac+3,CDD,2019-05-07
EMP00492,Albert,Matthieu,31,H,Marketing,Chargé de com,36313.15,Bac,CDD,2021-01-18
EMP00493,Lopes,Victoire,27,H,Logistique,Chef de projet,-1000.0,Bac,CDD,
EMP00494,Carre,Joséphine,40,H,Informatique,Chef de projet,22214.42,Master,CDD,2021-05-24
EMP00495,Lemaître,Charlotte,35,H,Logistique,Comptable,45556.09,,CDI,2020-03-12
EMP00496,Dijoux,Julie,46,H,RH,Chargé de com,-1000.0,,Stage,2022-12-18
EMP00497,Leclerc,Capucine,21,H,RH,Chef de projet,37636.85,Master,CDI,2020-09-19
EMP00498,Olivier,Colette,-1,,Finance,Technicien,43626.26,Bac,Alternance,2021-08-22
EMP00499,Devaux,Chantal,150,F,Logistique,Chef de projet,31095.49,Bac+2,CDD,2022-01-05
EMP00500,Moreno,Tristan,52,,Finance,Chargé de com,30796.28,Bac+2,CDI,2024-11-16
EMP00501,Bouvier,Théophile,44,H,Finance,RH,37341.29,Master,Stage,
EMP00502,Marin,Margaud,33,H,RH,Chargé de com,46815.06,Doctorat,CDI,2025-03-08
EMP00503,Maillot,Frédéric,57,F,Finance,Comptable,29751.46,Bac+2,Stage,2021-04-22
EMP00504,Jacques,Lucie,51,H,RH,RH,25752.36,Bac+3,,
EMP00505,Munoz,Margaux,25,H,Informatique,Technicien,28609.8,Bac,Stage,2022-05-29
EMP00506,Roy,Édouard,62,F,Logistique,Développeur,19579.89,Bac+2,CDI,2025-04-01
EMP00507,Henry,Nathalie,58,H,Finance,Chargé de com,39182.06,Bac+3,CDD,2025-01-25
EMP00508,Salmon,Vincent,64,F,RH,Comptable,27887.34,Bac,Stage,2017-09-26
EMP00509,Lebrun,Alexandrie,53,F,Marketing,Technicien,30333.29,Bac+3,Alternance,Non précisé
EMP00510,Marin,Denise,48,H,Finance,RH,39276.97,Doctorat,CDI,2016-08-21
EMP00511,Lelièvre,Julien,38,H,Production,Technicien,28984.72,Bac+3,CDD,2018-05-05
EMP00512,Merle,Monique,63,F,Informatique,Chargé de com,38072.72,Bac,CDD,2023-08-03
EMP00513,Paul,Honoré,60,F,Informatique,Chef de projet,23695.29,Bac,CDI,2025-02-18
EMP00514,Berger,Timothée,20,H,Marketing,Chargé de com,39669.76,Bac+3,CDD,2019-08-10
EMP00515,Lévy,Laurence,19,,RH,Développeur,34735.24,Bac+2,CDD,2020-03-02
EMP00516,Leclercq,Gabrielle,36,H,Finance,Chargé de com,31291.37,Bac+2,Alternance,2019-07-20
EMP00517,Joseph,Raymond,57,F,RH,RH,33047.15,Bac+3,,2017-03-25
EMP00518,Fischer,Nath,150,,Informatique,RH,21705.91,Bac+3,Stage,
EMP00519,Moulin,Henriette,25,H,RH,Chargé de com,32864.01,Master,CDD,2022-06-02
EMP00520,Monnier,Théophile,47,H,Informatique,RH,30866.64,Bac+2,CDI,2021-07-06
EMP00521,Besson,Charlotte,36,H,RH,Chef de projet,21924.54,Doctorat,,2016-11-22
EMP00522,Bernard,Marie,-1,H,Marketing,Technicien,26631.4,Bac+2,,2019-05-22
EMP00523,Nguyen,Catherine,59,H,Logistique,Chargé de com,30966.04,Bac,,2017-05-10
EMP00524,Pottier,Marc,59,F,Marketing,Chef de projet,27141.66,Bac+3,Stage,2021-11-05
EMP00525,Regnier,Gilbert,40,H,Marketing,Technicien,12703.09,Bac+3,CDD,2020-04-24
EMP00526,Torres,Jeanne,38,F,Logistique,Technicien,40611.1,,Alternance,2022-06-23
EMP00527,Perrot,Simone,31,,Logistique,Chef de projet,30863.28,Master,CDD,2018-01-21
EMP00528,Guillet,Aimé,20,F,Finance,Comptable,13808.4,,CDD,
EMP00529,Pelletier,Marcelle,60,F,Finance,Chargé de com,49079.7,,Stage,2016-04-24
EMP00530,Le Goff,Élise,57,H,Marketing,Technicien,-1000.0,Master,CDI,2018-08-02
EMP00531,Hoareau,Luc,150,F,Marketing,Technicien,29208.14,Bac+3,CDI,2019-09-06
EMP00532,Martinez,François,150,F,Informatique,RH,25260.02,Bac+3,CDD,2016-02-09
EMP00533,Merle,Martine,45,H,Informatique,Technicien,35225.53,,CDD,2020-11-05
EMP00534,Leclerc,Valérie,55,H,Finance,Chef de projet,33618.61,Master,Alternance,2015-11-18
EMP00535,Allard,Édith,64,F,Production,Technicien,36336.72,Bac,CDI,2015-11-26
EMP00536,Schmitt,Margaret,59,H,Production,Comptable,25283.04,Master,CDI,2021-06-08
EMP00537,Rocher,Honoré,30,H,Finance,Chargé de com,40782.18,Bac,CDI,2020-07-07
EMP00538,Chrétien,Henriette,40,H,Informatique,Chargé de com,28212.3,Bac+3,CDI,2016-01-25
EMP00539,Lefort,Maryse,24,H,Informatique,Technicien,37446.13,Bac+2,CDI,2021-05-07
EMP00540,Julien,Hortense,64,F,Production,Développeur,25624.49,Master,Stage,2016-04-28
EMP00541,Moreau,Adélaïde,47,F,RH,Développeur,53185.15,Doctorat,CDD,2022-10-06
EMP00542,Hoarau,Céline,29,F,RH,Chef de projet,37564.19,Bac+2,Stage,2019-05-10
EMP00543,Martel,Julien,50,H,Informatique,Développeur,55073.86,Bac,,
EMP00544,Renard,Nathalie,48,H,RH,Chef de projet,38620.82,Bac+2,Stage,2025-04-12
EMP00545,Boulanger,Marthe,35,F,Logistique,RH,27508.29,Master,CDI,2021-04-13
EMP00546,Barbe,Grégoire,23,H,Finance,Chef de projet,38635.05,Bac+2,CDI,2022-11-20
EMP00547,Pons,Nathalie,50,H,Finance,Développeur,39204.62,Bac+2,Alternance,2017-08-19
EMP00548,Briand,Nath,43,F,Informatique,Technicien,34986.59,Bac,CDD,2022-12-19
EMP00549,Chauvet,Arnaude,55,H,Marketing,RH,37043.14,Bac+3,Alternance,Non précisé
EMP00550,Raymond,Alexandrie,43,F,Production,Développeur,38093.82,Bac+2,Alternance,2016-07-19
EMP00551,Wagner,Margot,59,H,Informatique,Chef de projet,24050.55,Master,,2022-05-12
EMP00552,Gilles,Anouk,45,H,RH,Comptable,23481.13,Bac,,2024-07-25
EMP00553,Dupuy,Antoine,45,H,Production,Chargé de com,25646.26,Master,CDD,2017-05-25
EMP00554,Lagarde,Adrienne,60,,Marketing,Développeur,33020.34,Bac+2,CDD,2024-12-02
EMP00555,Rocher,Tristan,37,F,RH,Chef de projet,30214.63,Bac+3,,2015-12-17
EMP00556,Besnard,Yves,24,,Logistique,RH,24195.44,Bac+2,CDD,2022-07-06
EMP00557,Gonzalez,Roger,19,F,RH,Développeur,38202.51,Master,CDI,2018-11-24
EMP00558,Gallet,Alfred,54,H,Logistique,Développeur,34264.36,,Stage,2021-07-08
EMP00559,Maury,Alain,48,F,Production,Chargé de com,33351.43,,CDD,2022-09-22
EMP00560,Leleu,Odette,52,F,Logistique,Chef de projet,29936.09,Bac+3,Alternance,Non précisé
EMP00561,Huet,Antoine,28,F,Production,Comptable,28974.18,Bac+3,Stage,2018-07-12
EMP00562,Fontaine,Alice,24,H,Production,RH,25269.35,Doctorat,CDD,2020-07-05
EMP00563,Lebrun,Charles,18,F,Production,Chef de projet,39469.92,Master,,2021-07-11
EMP00564,Grenier,Alice,35,H,Production,RH,26372.06,Bac,Alternance,2024-10-20
EMP00565,Gérard,Maurice,46,H,Production,Développeur,33675.12,Doctorat,Stage,2024-09-20
EMP00566,Grégoire,Hélène,37,F,RH,Chargé de com,45296.08,Bac+3,CDI,2021-11-23
EMP00567,Picard,Cécile,39,F,Production,Chargé de com,29341.94,Bac,CDD,2018-06-21
EMP00568,Pottier,Édouard,62,H,RH,Technicien,39685.62,Bac+2,Stage,2019-12-16
EMP00569,Chartier,Emmanuelle,35,H,Production,Comptable,36549.67,Bac+2,CDI,2024-05-26
EMP00570,Caron,Patricia,43,F,Logistique,Chargé de com,34491.74,Bac+3,CDI,2020-07-20
EMP00571,Guillot,Monique,56,F,Production,Développeur,35442.79,Bac+2,Stage,2022-09-06
EMP00572,Lévy,Matthieu,37,F,Marketing,Comptable,31240.75,Bac,CDD,2016-07-03
EMP00573,Gay,Alfred,48,,Production,Chef de projet,32278.21,Bac,CDD,2025-01-26
EMP00574,Fontaine,Vincent,60,F,Production,Chargé de com,27615.09,Bac+3,CDI,2021-06-24
EMP00575,Marin,Sébastien,64,H,Logistique,Comptable,32331.66,Master,CDD,2019-12-19
EMP00576,Lefèvre,Isaac,25,F,Finance,Développeur,27318.19,Bac+2,Stage,2022-04-18
EMP00577,Dijoux,Michelle,63,H,Logistique,Technicien,40045.24,Bac,CDI,2019-09-12
EMP00578,Brunel,Patricia,42,H,Marketing,RH,18404.02,Bac,CDI,2023-03-27
EMP00579,Weber,Philippine,30,F,Finance,RH,35848.43,,Stage,2016-12-05
EMP00580,Prévost,Matthieu,40,H,Informatique,Développeur,34692.69,Bac+3,,2022-01-02
EMP00581,Blanchard,Margaux,150,Autre,Informatique,Développeur,33968.13,Bac+3,Stage,2018-06-12
EMP00582,Bertin,Alexandre,42,F,Marketing,RH,40195.99,Bac,CDI,2025-03-17
EMP00583,Riou,Suzanne,34,F,Logistique,Technicien,29711.01,Master,CDD,2020-11-27
EMP00584,Dubois,Antoinette,49,F,RH,Comptable,34043.47,Bac+3,Alternance,2022-07-29
EMP00585,Jacques,Christelle,29,F,Marketing,RH,18267.66,Bac+2,CDI,2019-08-03
EMP00586,Lebreton,Martine,21,F,Finance,Développeur,28677.46,Bac,Stage,2018-02-18
EMP00587,Labbé,Alain,24,F,Finance,Chargé de com,38845.89,Bac+2,CDD,2022-12-11
EMP00588,Da Silva,Emmanuelle,24,H,Production,Chef de projet,21286.71,Doctorat,CDI,2018-03-02
EMP00589,Deschamps,Sophie,25,F,Informatique,Technicien,33277.95,Doctorat,Alternance,
EMP00590,Gilles,Christelle,24,H,Finance,Technicien,26579.86,Master,Stage,2016-07-10
EMP00591,Martel,Thomas,49,F,Marketing,Chargé de com,31112.1,Master,Stage,2023-03-30
EMP00592,Morin,Josette,26,F,Finance,Chargé de com,27058.58,Bac,CDI,2020-12-18
EMP00593,Cordier,Corinne,34,F,Marketing,Développeur,22022.44,Bac+3,CDI,2023-03-22
EMP00594,Delorme,René,61,H,RH,RH,35088.03,Master,CDD,2023-07-14
EMP00595,Raynaud,Roland,41,H,Production,Comptable,31603.23,Bac+2,CDD,2022-07-12
EMP00596,Masson,Valentine,50,F,Informatique,Technicien,36901.03,Doctorat,CDI,2018-12-27
EMP00597,Delahaye,Capucine,26,H,Finance,Technicien,38355.5,Bac,CDI,2016-12-30
EMP00598,Klein,Célina,27,H,Marketing,Chargé de com,41802.07,Bac+2,CDI,
EMP00599,Marques,Denis,20,H,Logistique,RH,33067.89,Master,,2023-04-07
EMP00600,Valentin,Henri,26,,Informatique,Technicien,42148.97,Master,Stage,2016-06-22
EMP00601,Lecomte,Théophile,31,F,RH,Comptable,24193.8,Master,,2015-10-21
EMP00602,Nguyen,Audrey,26,H,Marketing,Chargé de com,39271.68,Bac,CDI,2023-09-20
EMP00603,Humbert,Lucas,22,H,Production,Comptable,35675.12,Doctorat,,2018-08-24
EMP00604,Vidal,Timothée,23,H,Production,RH,33864.74,Bac+3,CDI,2017-07-10
EMP00605,Parent,Margot,40,F,RH,Technicien,35557.86,Bac+3,CDD,2024-02-29
EMP00606,Jean,Émile,28,F,RH,Chef de projet,24314.09,,Alternance,2016-05-23
EMP00607,Delaunay,Maurice,35,H,Production,Technicien,22426.03,Master,CDD,2016-05-30
EMP00608,Mallet,Christine,42,H,Finance,RH,45678.63,Bac,CDD,2021-11-16
EMP00609,Lévêque,Bertrand,51,H,Finance,Technicien,30650.22,Master,CDI,2021-08-06
EMP00610,Peron,Marie,19,F,Marketing,Technicien,30536.05,Bac,CDI,2022-02-08
EMP00611,Thierry,Diane,57,F,Logistique,Développeur,23181.52,Bac,Stage,2024-03-10
EMP00612,Martin,Martine,48,H,Marketing,Technicien,20145.77,Bac+3,Stage,2018-02-15
EMP00613,Faivre,Georges,22,H,Logistique,Technicien,31293.45,,Stage,2022-12-29
EMP00614,Meunier,Vincent,60,H,RH,Comptable,29267.3,Bac,CDD,2020-01-24
EMP00615,Allard,Gabriel,63,,Informatique,Chef de projet,32013.87,Master,Stage,2017-10-08
EMP00616,Vidal,Antoinette,20,H,Marketing,Comptable,32697.23,Bac,CDI,2018-05-22
EMP00617,Daniel,Noël,31,F,Marketing,Comptable,51915.69,Master,CDI,2022-03-10
EMP00618,Brun,Louis,57,F,Logistique,Chargé de com,29291.36,Bac+3,,2019-05-21
EMP00619,Fischer,Victoire,54,H,RH,Développeur,44639.52,Master,CDI,2024-02-22
EMP00620,Boulanger,Christine,27,H,RH,Comptable,45136.19,Bac+2,Stage,2020-12-16
EMP00621,Vincent,Margot,28,H,Logistique,RH,38028.99,Master,CDI,2021-01-31
EMP00622,Bernard,Joséphine,36,F,RH,RH,30118.99,,Stage,2020-09-19
EMP00623,Raynaud,Charlotte,41,F,Production,Technicien,21108.22,Master,Stage,2018-10-26
EMP00624,Albert,Amélie,48,F,Finance,Chargé de com,35823.55,Bac+3,CDI,2024-10-11
EMP00625,Bourgeois,Célina,36,F,Production,Développeur,40150.5,,CDI,2019-04-27
EMP00626,Cousin,Suzanne,40,H,Informatique,Développeur,45981.5,Bac,Stage,2018-08-03
EMP00627,Maillot,Monique,54,,Marketing,Technicien,24400.34,Master,CDD,2023-09-23
EMP00628,Lombard,Richard,19,F,Informatique,RH,30051.79,Doctorat,CDI,2024-08-28
EMP00629,Blanchet,Laurent,30,H,Marketing,Chef de projet,24449.08,Bac,Stage,2017-03-02
EMP00630,Maillot,Audrey,52,,Finance,Chargé de com,26932.18,Bac+3,CDI,2023-08-04
EMP00631,Maréchal,Thibaut,61,F,RH,Technicien,37315.1,Bac+2,Alternance,2020-01-09
EMP00632,Rey,Valérie,43,F,Production,Chargé de com,26565.56,Bac+3,CDD,2020-08-30
EMP00633,Barbier,Claude,44,F,Logistique,RH,25405.83,Master,CDI,2016-11-06
EMP00634,Dupré,Olivier,23,F,Production,RH,38375.97,Bac+2,Stage,2025-07-16
EMP00635,Richard,Christine,39,F,Finance,Chef de projet,35605.91,Bac+3,CDD,2021-04-26
EMP00636,Hervé,Diane,44,H,Informatique,Chef de projet,34800.09,Bac+2,CDI,2022-08-17
EMP00637,Bouvet,Gabriel,29,H,Logistique,Développeur,26776.9,Bac+2,CDD,
EMP00638,Courtois,William,31,Autre,RH,Chargé de com,42344.19,Bac,CDI,2021-06-02
EMP00639,Berthelot,Suzanne,36,H,Finance,Chargé de com,32115.92,Doctorat,CDI,2018-06-02
EMP00640,Ferreira,Antoinette,18,H,Logistique,RH,51041.52,Bac,CDI,2022-03-03
EMP00641,Pascal,Thérèse,33,H,Finance,Développeur,33289.33,Doctorat,CDD,2019-09-29
EMP00642,Regnier,Joséphine,28,H,Finance,Technicien,13333.22,Bac+3,CDI,Non précisé
EMP00643,Guibert,Claudine,34,F,RH,Chargé de com,12977.0,Bac+2,Stage,2016-09-26
EMP00644,Vidal,Marthe,23,Autre,Marketing,Développeur,36991.6,Master,Stage,2017-03-12
EMP00645,Caron,Manon,61,H,Logistique,Développeur,42403.95,Bac+3,CDD,2022-01-22
EMP00646,Renaud,Marine,47,H,RH,RH,25729.37,Bac+3,Stage,2023-02-01
EMP00647,Fouquet,Benjamin,51,H,Finance,Développeur,48807.83,Bac,Alternance,2022-12-21
EMP00648,Berthelot,Alex,56,F,RH,Chef de projet,45303.99,Bac+2,CDD,2017-04-12
EMP00649,Martel,Corinne,42,F,Marketing,Chef de projet,33684.37,Bac+2,Stage,2020-03-13
EMP00650,Gilbert,Thomas,22,H,Production,Comptable,36315.63,Bac,CDI,2021-05-24
EMP00651,Schneider,Nath,44,F,Logistique,RH,39156.24,Bac+2,Alternance,2016-03-08
EMP00652,Arnaud,Gilbert,46,F,Marketing,Technicien,47119.96,Bac,CDI,2017-01-25
EMP00653,Pelletier,Victoire,54,F,Informatique,Comptable,37457.09,Bac+2,CDD,2023-07-16
EMP00654,Mathieu,Émile,39,Autre,Logistique,Chef de projet,33503.45,Bac,Stage,2019-09-14
EMP00655,Lemaître,Dominique,24,H,Marketing,Comptable,37378.41,Bac,CDI,2025-04-18
EMP00656,Coulon,Léon,31,F,Finance,RH,36298.88,Bac,CDI,2017-04-10
EMP00657,Gauthier,Alfred,35,F,Logistique,RH,39395.28,,CDD,2019-06-04
EMP00658,Bernier,Margaux,49,F,Logistique,Développeur,-1000.0,Bac,CDD,2021-08-02
EMP00659,Fischer,Claude,45,F,RH,Chargé de com,34526.83,Master,Stage,2019-03-01
EMP00660,Leblanc,Pierre,35,F,Finance,Développeur,35683.52,Bac,Alternance,2020-02-23
EMP00661,Colin,Astrid,150,F,Informatique,RH,31417.22,,CDI,2021-11-12
EMP00662,Bruneau,Daniel,47,H,Production,Chef de projet,38273.33,Bac,CDI,2017-06-27
EMP00663,Legrand,Henriette,29,F,Marketing,Technicien,47369.34,,Stage,2017-07-24
EMP00664,Pottier,Manon,22,,RH,Chef de projet,33105.74,Master,CDD,2020-08-12
EMP00665,Bruneau,Anne,25,Autre,Marketing,Développeur,37533.77,Bac,Stage,Non précisé
EMP00666,Muller,Jeanne,30,H,Informatique,Technicien,44850.12,Doctorat,CDI,2022-04-27
EMP00667,Hervé,Renée,25,H,Informatique,RH,33292.52,Bac+3,CDD,2019-07-11
EMP00668,Philippe,Margaret,27,H,Logistique,Chef de projet,24892.29,Bac+2,CDD,2018-04-10
EMP00669,Germain,Lucy,31,F,Informatique,RH,36926.23,Master,CDD,Non précisé
EMP00670,Torres,Christelle,26,F,Marketing,Technicien,14386.67,,CDD,2025-05-16
EMP00671,Maurice,Marine,61,H,Finance,Technicien,13613.06,Bac+3,CDD,2023-05-15
EMP00672,Samson,Alexandrie,21,F,Finance,Chef de projet,34664.1,Bac+2,CDD,2017-10-26
EMP00673,Texier,Luce,43,F,Logistique,RH,13240.24,Master,CDI,2017-05-09
EMP00674,Masse,Emmanuelle,38,F,Production,Comptable,21478.66,Master,CDI,2024-03-31
EMP00675,Besnard,Marthe,150,F,Marketing,RH,-1000.0,Doctorat,CDD,2024-09-10
EMP00676,Maury,Eugène,23,F,Marketing,Technicien,26228.67,Master,CDD,2020-10-24
EMP00677,Teixeira,Cécile,37,F,Informatique,RH,30817.55,Bac+2,CDD,2021-06-15
EMP00678,Hoarau,Henriette,-1,H,Marketing,Développeur,40902.96,,CDD,2016-01-15
EMP00679,Courtois,Patricia,60,F,RH,Comptable,33907.85,Bac,Stage,2020-05-03
EMP00680,Jean,Laetitia,58,F,Production,Chargé de com,25285.44,Bac+2,Alternance,2017-11-07
EMP00681,Robert,Arnaude,30,F,Informatique,Développeur,42835.53,Bac+3,CDI,2025-10-16
EMP00682,Lacombe,Anouk,26,F,RH,Chargé de com,20569.14,Bac+3,CDI,Non précisé
EMP00683,Lebrun,Colette,50,F,Logistique,Chef de projet,33775.07,Bac,CDI,2025-05-19
EMP00684,Collet,Éric,63,H,Finance,Chargé de com,-1000.0,Master,Stage,
EMP00685,Julien,Frédéric,45,F,Logistique,RH,34018.54,Bac+2,CDD,2020-12-16
EMP00686,Ferrand,Émile,45,H,Finance,Chargé de com,29450.98,Bac+3,CDI,2018-07-26
EMP00687,Morel,Marguerite,31,H,Logistique,Technicien,40657.9,Doctorat,Stage,2020-01-31
EMP00688,Delahaye,Susan,55,F,Marketing,Développeur,37765.52,Bac+2,CDI,2016-10-15
EMP00689,Guérin,Anne,27,,RH,Développeur,27302.89,Bac,CDD,2019-12-29
EMP00690,Mathieu,Élise,33,H,Finance,Chargé de com,25768.48,Bac,CDD,2018-09-25
EMP00691,Lecomte,Maurice,38,H,Informatique,Développeur,29479.23,,Stage,2021-05-16
EMP00692,Evrard,Susan,42,F,RH,Technicien,47004.57,Bac,CDI,2019-04-16
EMP00693,Chauvin,Luc,29,H,Informatique,Développeur,44952.55,Bac+2,Alternance,2022-09-20
EMP00694,Sanchez,Gabriel,23,F,RH,Chargé de com,24253.85,Bac+3,Stage,2025-03-21
EMP00695,Delorme,Arnaude,47,F,RH,Comptable,38401.8,Bac+3,CDI,2018-03-07
EMP00696,Letellier,Dorothée,32,F,Logistique,Comptable,18148.55,Bac,CDI,2025-10-11
EMP00697,Riou,Marcel,46,H,Finance,Chef de projet,28421.26,Bac+3,CDD,2025-04-27
EMP00698,Cohen,Michelle,25,H,Finance,Développeur,24579.49,Bac+2,Alternance,2019-04-10
EMP00699,Leclerc,Monique,41,F,RH,Chargé de com,40554.24,,Alternance,2015-12-03
EMP00700,Poirier,Nath,44,F,Marketing,Développeur,21674.26,Bac,CDD,2020-01-13
EMP00701,Joseph,Sébastien,20,H,Marketing,RH,35434.8,Bac+2,Alternance,2022-02-12
EMP00702,Regnier,Benjamin,34,F,Informatique,Technicien,32005.68,Bac+3,CDI,2024-09-23
EMP00703,Charles,Noël,24,H,Informatique,Développeur,30596.41,Bac+2,CDI,2021-08-07
EMP00704,Allain,Catherine,21,F,Logistique,Développeur,45372.66,Master,,2024-11-23
EMP00705,Marchand,Louise,150,H,RH,Comptable,46077.58,Bac+2,Stage,2023-06-24
EMP00706,Robin,Marcelle,33,,Informatique,Technicien,30844.86,Bac+2,CDD,2025-05-28
EMP00707,Mercier,Philippine,57,H,Informatique,Chargé de com,29232.67,Master,Stage,2024-05-31
EMP00708,Berger,Robert,30,H,Production,Développeur,19945.01,Bac+3,,2016-02-09
EMP00709,Cousin,Alain,51,H,RH,Comptable,31965.93,Bac+3,Stage,2021-10-05
EMP00710,Vallée,Marie,55,H,Logistique,Chef de projet,47626.43,Bac,Alternance,Non précisé
EMP00711,De Sousa,Marguerite,47,F,Informatique,Technicien,30970.12,Bac,Stage,2023-04-25
EMP00712,Becker,Arnaude,41,,Logistique,Comptable,37830.07,Bac,CDI,2016-11-26
EMP00713,Laroche,Alain,38,H,Finance,Comptable,20820.02,Bac,Alternance,2019-02-06
EMP00714,Perrot,Astrid,35,H,Logistique,Comptable,28521.8,Bac+3,CDI,2023-07-15
EMP00715,Goncalves,Emmanuelle,63,F,Marketing,Développeur,35699.72,Doctorat,Alternance,2019-03-31
EMP00716,Germain,Cécile,58,F,Marketing,Développeur,32846.9,Bac+2,CDD,
EMP00717,Chevalier,Océane,-1,F,Logistique,Chef de projet,38597.34,Bac+2,Stage,2021-06-27
EMP00718,Breton,Pauline,24,H,Marketing,RH,27178.62,Bac,CDD,2017-04-24
EMP00719,Blanchard,Aurore,53,H,Finance,RH,18000.09,Bac+2,CDI,2021-05-06
EMP00720,Roger,Victor,63,F,RH,RH,40976.72,Bac,CDI,2019-07-08
EMP00721,Maillet,Rémy,26,H,Marketing,Technicien,24510.81,,,2017-09-27
EMP00722,Legendre,Nicolas,21,F,Marketing,Technicien,36052.83,Master,,2022-10-27
EMP00723,Boulay,Alexandria,54,H,Logistique,Chef de projet,35606.85,,CDD,2022-06-30
EMP00724,Jean,Denise,46,F,Finance,Technicien,18689.97,Doctorat,,2021-11-02
EMP00725,Lévy,Alexandrie,59,H,RH,RH,40393.0,Bac+3,Alternance,2018-02-21
EMP00726,Leroux,Capucine,24,F,Logistique,RH,27467.46,Bac+3,Stage,2023-08-16
EMP00727,Gilbert,Alice,56,F,Logistique,Comptable,32440.44,Bac,CDI,2016-02-21
EMP00728,Lecomte,François,27,F,Production,Technicien,29134.54,Bac+3,,
EMP00729,Chevallier,Rémy,26,H,Finance,Développeur,44980.73,,CDD,2018-06-29
EMP00730,Briand,Éléonore,26,F,RH,Développeur,42747.92,Bac,Alternance,2023-10-12
EMP00731,Turpin,Aimé,57,F,Finance,Comptable,17501.32,Doctorat,Alternance,2018-08-11
EMP00732,Petitjean,Aimée,50,F,RH,Comptable,50070.62,Bac+2,Alternance,2017-09-09
EMP00733,Joseph,Bernadette,43,F,Finance,Comptable,26573.55,Doctorat,Stage,Non précisé
EMP00734,Henry,Jacques,35,F,Logistique,Développeur,48819.49,,CDI,2019-10-15
EMP00735,Gallet,Jacqueline,60,F,Logistique,RH,29950.32,Master,CDD,2023-10-08
EMP00736,Gérard,Geneviève,37,H,Informatique,Comptable,29272.67,Master,CDD,2020-01-25
EMP00737,Hebert,Louis,57,F,Marketing,Chef de projet,30021.38,Bac+3,CDI,2020-05-13
EMP00738,Dumont,Dorothée,39,F,Production,Comptable,28793.68,Doctorat,CDD,2016-02-17
EMP00739,Rousset,Philippe,36,H,Finance,Chargé de com,52195.17,,Stage,2016-05-19
EMP00740,Guillet,Corinne,40,H,Production,Comptable,31389.09,Master,Alternance,2016-04-18
EMP00741,Cohen,William,32,H,Informatique,Développeur,29581.63,Master,CDI,2025-06-27
EMP00742,Jean,Lucie,54,F,Marketing,Technicien,32616.09,Master,CDD,2023-10-08
EMP00743,Chevalier,Astrid,42,F,Finance,Comptable,24261.32,Doctorat,CDI,2025-09-04
EMP00744,Joly,Lucy,29,F,RH,Technicien,44776.96,Bac+3,CDI,2022-09-03
EMP00745,Fernandez,Benoît,62,F,Marketing,Chargé de com,20231.35,Doctorat,CDI,2024-05-22
EMP00746,Grondin,Audrey,36,H,Logistique,Chef de projet,27087.93,Bac+3,Stage,2025-07-28
EMP00747,Pasquier,Anne,44,H,Informatique,Technicien,39493.28,Bac,CDI,2020-01-27
EMP00748,Leblanc,Frédérique,62,H,Marketing,RH,32338.82,Bac+2,Stage,2021-03-30
EMP00749,Devaux,Thomas,48,H,Marketing,Comptable,36393.72,Bac+3,CDI,2021-01-31
EMP00750,Descamps,Juliette,23,H,Logistique,Chargé de com,44265.31,Bac,Alternance,2025-01-03
EMP00751,Antoine,Alfred,64,H,Finance,Chargé de com,40030.41,Bac,Alternance,2023-10-29
EMP00752,Gros,Honoré,48,F,RH,Technicien,33099.81,Bac+3,,2024-08-10
EMP00753,Masse,Agathe,34,F,Logistique,Chef de projet,48714.74,Bac,Alternance,2015-12-23
EMP00754,Lucas,Luc,24,,RH,Développeur,26973.31,Bac+2,,2023-04-28
EMP00755,Georges,Olivie,56,Autre,Finance,Comptable,31197.52,Master,Alternance,Non précisé
EMP00756,Benard,Franck,48,F,Marketing,Chargé de com,31756.48,,Stage,2024-06-25
EMP00757,Colin,Michèle,44,H,RH,Chef de projet,31180.63,Master,CDI,2019-07-04
EMP00758,Brun,Gabrielle,61,F,Informatique,RH,23446.31,,CDI,2017-08-12
EMP00759,Renard,Anaïs,56,F,Informatique,Chargé de com,19330.8,Master,CDI,2018-04-30
EMP00760,Maury,Alix,25,H,Logistique,Chef de projet,35337.61,Bac+2,Stage,2024-08-25
EMP00761,Marion,Chantal,33,H,Finance,Développeur,26932.21,Master,CDD,Non précisé
EMP00762,Colas,Bernard,30,F,Logistique,Développeur,47262.47,Master,Alternance,2017-03-21
EMP00763,Guillou,Sophie,54,H,Logistique,Chargé de com,31419.66,Bac+2,,2022-05-16
EMP00764,Lejeune,Alexandre,19,F,Production,Chargé de com,29988.09,Bac,CDD,2023-04-09
EMP00765,Monnier,Corinne,45,F,Logistique,Technicien,40754.72,Master,CDD,2024-01-02
EMP00766,Lefebvre,Isabelle,55,H,Production,Comptable,35217.54,Bac,,2022-01-03
EMP00767,Gosselin,Franck,60,H,Informatique,Chef de projet,30595.86,Master,CDI,2022-11-11
EMP00768,Guichard,Geneviève,34,H,Informatique,Chargé de com,26874.15,Bac,Stage,2020-09-07
EMP00769,Becker,Gérard,58,H,Logistique,Comptable,61261.61,Bac+3,CDI,2022-08-13
EMP00770,Duhamel,Thibault,23,H,Informatique,Technicien,34894.29,Bac+3,Stage,2025-06-04
EMP00771,Marchal,Claudine,59,F,Finance,Comptable,40675.44,Bac,CDI,2019-03-03
EMP00772,Bonnet,Virginie,24,H,Production,Chargé de com,23816.44,Bac+2,Alternance,2023-05-06
EMP00773,Gomes,Joséphine,37,F,Production,Développeur,27376.12,Master,CDD,2018-03-27
EMP00774,Parent,Nathalie,57,H,Logistique,Chef de projet,48898.77,Doctorat,CDI,2020-09-22
EMP00775,Leduc,Jules,25,Autre,Informatique,Chef de projet,43175.45,Doctorat,CDI,2019-02-22
EMP00776,Valette,Jérôme,29,H,RH,Développeur,35660.98,Bac+3,CDD,2024-01-06
EMP00777,Buisson,Tristan,53,H,Production,Chargé de com,28947.43,Master,,2025-02-07
EMP00778,Auger,Alix,53,F,Logistique,Chef de projet,30127.71,Bac+2,Stage,2021-10-22
EMP00779,Lacombe,Marianne,49,F,Logistique,Chargé de com,26591.11,Bac+2,CDD,2021-02-03
EMP00780,Jean,Patricia,51,H,Finance,Technicien,22745.21,Bac,CDD,2020-12-04
EMP00781,Hoareau,Bertrand,44,F,Marketing,Chargé de com,39390.75,Bac+3,CDD,2019-01-13
EMP00782,Roussel,Georges,30,F,Marketing,Comptable,36310.65,Bac+2,Stage,2021-01-15
EMP00783,Guilbert,Thomas,34,F,Production,Développeur,37888.63,Bac,Stage,2018-04-16
EMP00784,Buisson,Nicolas,26,H,Finance,Chargé de com,29304.82,Master,CDD,2022-10-26
EMP00785,Auger,Aimée,62,H,Finance,Technicien,34045.11,Master,Stage,2023-12-11
EMP00786,Tanguy,Jérôme,46,F,Finance,RH,28543.65,Bac+2,Stage,2022-10-24
EMP00787,Marty,Capucine,37,F,Production,Développeur,26181.54,Bac,,2023-05-11
EMP00788,Collin,Gérard,40,H,Marketing,Chef de projet,45336.5,Bac+3,,2022-09-25
EMP00789,Gilles,Josette,64,F,Finance,Comptable,32972.06,Bac+3,Stage,2016-03-10
EMP00790,Lenoir,Andrée,25,F,Informatique,Chef de projet,36059.63,Master,Stage,2022-07-10
EMP00791,Vidal,Marc,46,H,Logistique,Technicien,38686.03,Bac+2,CDI,2021-07-15
EMP00792,Durand,Océane,42,F,Logistique,Technicien,33072.33,Master,Alternance,2023-12-11
EMP00793,Morel,Margot,47,H,RH,Chef de projet,33925.06,Doctorat,CDD,2025-02-23
EMP00794,Marchand,Jacqueline,18,F,RH,Développeur,23307.0,Bac+2,CDI,2021-06-30
EMP00795,Moreau,Nathalie,60,F,Production,Chef de projet,24831.08,,CDD,2019-04-28
EMP00796,Carre,Richard,63,,Production,Chargé de com,24417.48,Bac+2,Alternance,2022-09-20
EMP00797,Delmas,Laure,45,H,Logistique,Chef de projet,36843.67,Bac+2,CDI,2020-11-05
EMP00798,Hoareau,Laetitia,52,H,Informatique,Comptable,32567.13,Bac+3,CDD,2016-06-22
EMP00799,Robert,Emmanuelle,63,H,Marketing,Comptable,24831.75,Bac,CDD,2023-04-10
EMP00800,Bonnin,Hortense,52,H,Marketing,RH,36640.79,Bac,CDI,2021-01-17
EMP00801,Schmitt,Martin,25,H,Production,Comptable,36347.65,Bac+3,CDI,2018-01-29
EMP00802,Evrard,Frédéric,46,Autre,Informatique,Chef de projet,26440.27,Master,Alternance,2019-03-31
EMP00803,Girard,Christiane,47,H,Production,Comptable,31777.38,,Alternance,2021-04-30
EMP00804,Bertrand,Anne,38,H,Marketing,Développeur,36377.13,Master,CDI,2024-10-28
EMP00805,Maurice,François,54,F,Production,Comptable,25133.16,Bac,Alternance,2016-05-19
EMP00806,Delahaye,Marianne,63,H,Finance,Chargé de com,36529.81,Master,Stage,2025-06-24
EMP00807,Lacombe,William,63,F,Production,Développeur,34408.19,Master,CDD,2024-10-24
EMP00808,Hernandez,Michel,40,H,Logistique,RH,24006.4,Doctorat,Stage,2016-10-15
EMP00809,Gaillard,Auguste,23,F,Production,Chargé de com,33758.37,Doctorat,,2018-12-24
EMP00810,Fontaine,Maurice,150,H,Logistique,Chef de projet,34925.19,Doctorat,CDD,2021-10-03
EMP00811,Richard,Benjamin,59,H,Informatique,Chef de projet,26991.99,Bac+3,CDI,2022-08-09
EMP00812,Bonnet,Marcel,24,Autre,Marketing,Chef de projet,27621.73,Master,,2018-09-11
EMP00813,Martins,Xavier,63,H,RH,Chargé de com,23932.64,Bac+2,Stage,2016-11-26
EMP00814,Albert,Chantal,60,F,RH,Chargé de com,28408.01,,CDI,2019-11-06
EMP00815,Mace,Emmanuelle,43,H,Marketing,Chargé de com,31903.34,Bac,CDD,2023-10-20
EMP00816,Robin,Isabelle,46,H,RH,Développeur,27643.82,Bac,CDD,2024-03-02
EMP00817,Bouvet,Hugues,37,F,Production,Technicien,20120.9,Bac,Alternance,
EMP00818,Masson,Étienne,20,H,Informatique,Développeur,26491.3,Master,CDD,2025-10-20
EMP00819,David,Arthur,34,F,Informatique,Chef de projet,28661.66,Bac+3,CDI,2015-10-25
EMP00820,Seguin,David,57,,Marketing,Technicien,38534.71,Bac+3,Stage,2018-01-29
EMP00821,Guillou,Édouard,18,F,RH,Comptable,36758.12,,CDD,2022-08-02
EMP00822,Barbe,Colette,34,Autre,Production,Chef de projet,38689.77,,CDI,2020-10-10
EMP00823,Schneider,Virginie,37,H,Informatique,RH,26087.85,Bac+2,CDD,2020-08-17
EMP00824,De Sousa,Christine,44,H,Informatique,Développeur,33132.41,Bac+2,Alternance,2024-11-07
EMP00825,Jacob,Louise,63,H,Finance,Chargé de com,12615.63,Doctorat,CDI,2016-09-24
EMP00826,Sauvage,Adélaïde,34,F,Finance,Développeur,35431.36,,Stage,
EMP00827,Boulanger,Inès,34,,Informatique,Chargé de com,36887.18,Bac+3,CDD,2016-04-28
EMP00828,Cordier,Michelle,54,H,Marketing,Technicien,29187.0,Master,CDI,2019-05-07
EMP00829,Brun,Laurence,40,F,Logistique,RH,34363.44,Bac+2,CDD,2020-05-06
EMP00830,Lesage,Nathalie,28,H,Logistique,Technicien,19880.61,Doctorat,CDD,2019-10-04
EMP00831,Meunier,Anastasie,40,F,Production,RH,25591.46,Master,Alternance,2023-07-03
EMP00832,Dupré,Vincent,24,F,Informatique,Développeur,38123.59,Bac+3,CDI,2021-09-17
EMP00833,Mahe,Emmanuel,26,,Informatique,Chargé de com,36090.03,Bac,Stage,2022-01-14
EMP00834,Ledoux,Célina,42,F,Informatique,Technicien,28705.16,,CDI,2025-06-28
EMP00835,Hoareau,Robert,38,H,Marketing,RH,38490.9,Master,,Non précisé
EMP00836,Vasseur,Guillaume,62,H,Finance,Chef de projet,33106.38,Bac,Stage,2025-09-28
EMP00837,Fournier,Léon,35,H,Informatique,Chef de projet,27966.23,Master,Stage,2025-03-28
EMP00838,Guillet,Augustin,46,H,Informatique,Technicien,30537.38,Master,CDI,Non précisé
EMP00839,Martin,Monique,48,H,RH,Chargé de com,28356.66,Bac+3,CDD,2024-06-11
EMP00840,Besnard,Lucas,18,F,Marketing,Technicien,22529.79,Master,CDI,2022-10-18
EMP00841,Bernard,Adélaïde,50,F,Production,Développeur,42053.49,Bac+3,,2017-10-11
EMP00842,Bodin,Charles,26,F,Informatique,RH,27455.8,,CDD,2023-06-20
EMP00843,Leduc,Nathalie,-1,H,RH,Développeur,25341.11,Bac,Stage,2019-07-24
EMP00844,Delahaye,Danielle,25,F,Logistique,Chef de projet,19765.21,Bac,Stage,2019-01-01
EMP00845,Raynaud,Laure,38,F,Production,RH,10912.26,Bac,CDD,2021-10-03
EMP00846,Gaillard,Frédéric,22,H,Informatique,Technicien,37611.97,Master,Stage,2018-05-13
EMP00847,Allain,Madeleine,150,F,Informatique,Développeur,38348.87,Master,Stage,2020-05-09
EMP00848,Dos Santos,Jacques,42,F,RH,Comptable,41544.31,Doctorat,Stage,2025-03-22
EMP00849,Guyot,Susan,47,H,Marketing,Chargé de com,30807.69,Master,CDD,2021-05-17
EMP00850,Dos Santos,Benoît,21,F,Informatique,Chargé de com,29424.06,Bac+3,CDD,2016-09-26
EMP00851,Marin,Agathe,54,F,Logistique,Comptable,27938.22,,CDI,
EMP00852,Costa,Marcel,28,H,Informatique,Chef de projet,28667.54,Bac+2,Alternance,2024-04-04
EMP00853,Klein,Pierre,61,Autre,Logistique,RH,40958.32,Doctorat,Stage,2020-09-28
EMP00854,Normand,Thibault,28,F,Production,Chargé de com,31787.88,Bac+3,CDD,2020-05-14
EMP00855,Ledoux,Louis,27,F,Production,Comptable,35024.57,Master,,2019-07-27
EMP00856,Rey,Andrée,19,F,Finance,Technicien,28463.95,Master,CDI,2019-04-26
EMP00857,Rousset,Lorraine,41,H,Finance,Comptable,42566.78,Master,Alternance,2023-09-07
EMP00858,Charpentier,Margot,45,F,Logistique,Chef de projet,16762.09,Bac,,2017-09-22
EMP00859,Millet,Eugène,21,F,Marketing,Chef de projet,22235.81,Bac+3,Alternance,2021-10-25
EMP00860,Pires,Maggie,55,H,Informatique,Développeur,35037.68,Bac+3,Alternance,2020-09-05
EMP00861,Gérard,Inès,40,F,Informatique,Chargé de com,46004.89,Doctorat,CDD,2024-09-03
EMP00862,Picard,Lorraine,43,F,Finance,Développeur,30199.2,Bac+3,CDI,2024-07-04
EMP00863,Morvan,Thierry,39,F,Logistique,Comptable,25261.03,,Stage,2024-03-30
EMP00864,Jean,Marcelle,37,H,Informatique,RH,40005.3,Bac+3,CDD,
EMP00865,Jacquot,Stéphanie,45,F,Informatique,RH,34589.59,Bac+3,CDI,2018-12-17
EMP00866,Le Roux,Chantal,25,H,Marketing,Chef de projet,42321.71,Master,Stage,2018-10-05
EMP00867,Marty,Christiane,26,H,RH,RH,21677.19,Bac+3,CDD,2024-11-22
EMP00868,Cordier,David,60,H,Finance,RH,41693.35,,,2020-12-11
EMP00869,Leroux,Margot,64,H,Finance,RH,19612.34,Master,Alternance,2021-01-08
EMP00870,Breton,Célina,36,F,RH,Comptable,29694.62,Bac+3,Alternance,2023-05-25
EMP00871,Valette,Susan,31,F,Informatique,RH,35302.26,Bac,Stage,2023-07-26
EMP00872,Denis,Yves,49,H,Marketing,Technicien,33488.11,Bac+3,Alternance,2017-01-31
EMP00873,Barre,Sébastien,38,F,Marketing,RH,40484.74,Bac+2,Alternance,2019-07-19
EMP00874,Grenier,Martin,19,F,Finance,RH,17386.72,Master,Stage,2020-08-29
EMP00875,Marion,Valentine,25,F,Marketing,Développeur,33128.06,Bac+2,CDI,2020-02-18
EMP00876,Jacob,Audrey,53,H,Production,Comptable,41597.14,Bac+2,Alternance,2022-09-27
EMP00877,Masson,Louis,50,F,RH,Chef de projet,32474.35,Bac,Alternance,2021-08-01
EMP00878,Tessier,Jérôme,19,,Informatique,Développeur,22861.28,Bac,CDD,2020-02-03
EMP00879,Wagner,Sabine,28,F,Production,Chargé de com,40060.06,Bac+2,CDI,2024-04-15
EMP00880,Delahaye,Andrée,29,H,RH,Comptable,26813.52,Doctorat,Stage,2017-10-10
EMP00881,Reynaud,Susanne,50,H,Logistique,Technicien,25405.42,Master,CDI,2021-05-28
EMP00882,Paul,Bertrand,18,F,Finance,Comptable,24398.91,Master,,
EMP00883,Maréchal,Antoinette,23,Autre,Marketing,Chargé de com,30410.52,Master,,2020-06-22
EMP00884,Godard,Nathalie,57,F,Logistique,Chargé de com,33464.48,Bac+2,CDI,2020-01-03
EMP00885,Leblanc,Michèle,26,F,Marketing,Chargé de com,21847.2,Doctorat,Stage,2021-01-14
EMP00886,Guillaume,Pauline,49,H,Production,Chef de projet,23490.83,Bac,CDI,2019-05-02
EMP00887,Roger,Frédéric,29,F,Informatique,RH,26444.14,Bac+2,Stage,2016-03-16
EMP00888,Renard,Monique,22,F,Informatique,Comptable,24360.09,Bac+3,CDD,2019-07-29
EMP00889,Klein,Anouk,29,H,Informatique,RH,32294.07,Bac,Stage,2025-07-06
EMP00890,Torres,Marianne,53,F,Marketing,RH,34889.77,Master,CDD,2017-03-11
EMP00891,Leclerc,Luce,59,,Logistique,Technicien,33790.99,Bac+2,CDI,2021-06-23
EMP00892,Lagarde,Jeanne,58,H,Informatique,Chargé de com,33802.66,Master,CDD,2018-07-26
EMP00893,Nguyen,Sébastien,37,F,Logistique,Chef de projet,45367.93,Bac+3,CDI,2021-07-29
EMP00894,Chartier,Christiane,50,H,Marketing,Technicien,35389.47,Bac,CDD,2021-04-19
EMP00895,Lamy,Robert,28,F,Production,Développeur,38271.71,Master,CDI,2024-03-03
EMP00896,Lemoine,Émilie,32,F,Logistique,Chef de projet,28683.07,Bac+2,CDD,2017-03-05
EMP00897,Roche,Tristan,61,F,Production,RH,39552.05,Bac+3,Alternance,2022-11-07
EMP00898,David,Élise,18,F,Marketing,Chef de projet,28301.18,Bac,Alternance,2020-04-04
EMP00899,Hervé,Michèle,22,H,Marketing,Chargé de com,35291.59,Master,Alternance,2017-04-30
EMP00900,Lemoine,Jeanne,28,Autre,Finance,Développeur,21029.07,Master,,2020-03-27
EMP00901,Potier,Sabine,19,F,Marketing,Chargé de com,33329.87,Bac+2,CDI,2021-04-09
EMP00902,Brunet,Marc,26,H,Marketing,Développeur,24196.96,,CDI,Non précisé
EMP00903,Leduc,Christiane,46,F,RH,Technicien,39488.29,Doctorat,CDD,2022-01-02
EMP00904,Blanc,Tristan,38,F,Informatique,RH,39007.01,Master,Alternance,2024-10-23
EMP00905,Hamon,Diane,61,H,Finance,Développeur,28266.98,Master,,2018-04-23
EMP00906,Albert,Isaac,58,F,Finance,Développeur,48396.6,Bac+2,CDI,2025-01-10
EMP00907,Rodrigues,Emmanuelle,34,Autre,Finance,Développeur,29712.97,Master,CDD,2019-01-18
EMP00908,Martel,Geneviève,30,H,RH,Chef de projet,19103.85,Bac,CDI,
EMP00909,Picard,Rémy,36,,Production,Technicien,25767.06,Bac,Stage,2023-11-09
EMP00910,Chauveau,Camille,46,H,Marketing,Chef de projet,23646.87,,Stage,2024-12-30
EMP00911,Roux,Constance,31,H,Informatique,RH,35036.82,Master,CDI,2022-05-31
EMP00912,Brunel,Christiane,48,H,Logistique,Développeur,-1000.0,Bac+3,CDD,2018-09-15
EMP00913,Lucas,Aurélie,38,F,Production,Technicien,27686.29,Bac+2,Stage,2018-09-19
EMP00914,Faure,Étienne,45,F,Marketing,Technicien,34516.42,Master,Stage,2018-06-27
EMP00915,Jourdan,Mathilde,39,H,RH,Comptable,33109.17,Bac,CDI,2020-01-11
EMP00916,Gimenez,Clémence,32,H,Marketing,RH,31898.85,Bac,Alternance,2017-08-22
EMP00917,Delattre,Alexandre,64,F,Marketing,Technicien,33008.0,Bac,CDD,2023-07-01
EMP00918,Julien,Luc,55,H,RH,Développeur,29036.0,Bac+3,Alternance,2019-07-09
EMP00919,Perrier,Claude,24,F,Finance,Développeur,19169.98,Master,Alternance,2016-10-07
EMP00920,Gimenez,Grégoire,60,F,Finance,Technicien,28825.29,Bac,CDI,2023-12-13
EMP00921,Munoz,Alexandre,41,F,Informatique,Chef de projet,35750.0,Master,CDI,2020-07-18
EMP00922,Voisin,Isabelle,61,,Informatique,RH,30904.52,Bac+2,Stage,2024-12-28
EMP00923,Coste,Thomas,57,H,Finance,Développeur,35131.91,Master,CDI,2025-04-05
EMP00924,Grondin,Julien,38,,Production,Technicien,27305.74,,Alternance,2022-11-25
EMP00925,Teixeira,Gabrielle,19,F,Logistique,Développeur,39954.69,Master,Stage,2025-05-02
EMP00926,Fernandes,Capucine,31,F,Marketing,Technicien,11549.46,Doctorat,Alternance,2019-09-03
EMP00927,Gauthier,Louise,44,H,Logistique,RH,33131.52,,CDI,2018-03-15
EMP00928,Carre,Colette,49,F,Marketing,Technicien,42791.04,Bac+3,CDD,2023-09-25
EMP00929,Legros,René,30,H,Finance,Comptable,43981.59,Master,Stage,2021-06-21
EMP00930,Carlier,Célina,24,H,Informatique,Technicien,30145.39,Doctorat,CDI,2017-03-21
EMP00931,Carre,Hugues,58,H,Production,Technicien,21390.41,Bac+2,Stage,2021-09-15
EMP00932,Daniel,Claire,150,F,Informatique,RH,42931.78,Bac+2,Alternance,2020-01-09
EMP00933,Auger,Margaud,43,F,Logistique,Technicien,31585.08,,CDD,2019-02-06
EMP00934,Navarro,Alfred,26,F,Informatique,RH,30728.24,Master,Stage,2016-10-10
EMP00935,Perez,Françoise,31,F,Finance,Comptable,24857.16,Bac+2,CDI,2017-09-27
EMP00936,Mercier,Thérèse,18,H,Production,RH,22000.9,Bac+3,CDD,2024-06-07
EMP00937,Lejeune,Alice,62,F,Logistique,Développeur,36510.91,Master,,2017-04-30
EMP00938,Fouquet,Lorraine,23,H,Production,RH,37358.97,Bac+3,,2022-06-07
EMP00939,Mary,Victor,46,F,Marketing,Comptable,33612.35,Master,CDD,2024-09-19
EMP00940,Ruiz,Christiane,31,F,Informatique,Chargé de com,25887.63,Master,,2024-05-16
EMP00941,Delmas,Lorraine,45,F,Production,Technicien,23480.01,Master,CDD,2020-08-20
EMP00942,Lopes,Rémy,49,F,RH,RH,20542.01,Bac+3,CDI,2020-11-24
EMP00943,Rousset,Diane,58,H,Informatique,Technicien,27515.64,Master,CDI,2021-03-08
EMP00944,David,Océane,28,F,Marketing,Chef de projet,23953.17,Master,,2017-06-18
EMP00945,Ledoux,Jean,18,F,Production,Développeur,18325.52,Master,CDI,2017-03-21
EMP00946,Traore,Geneviève,24,F,Logistique,Développeur,37210.76,Bac+2,CDD,2019-07-03
EMP00947,Guilbert,Alexandrie,62,H,Marketing,Chef de projet,21447.49,Bac+3,CDD,2025-03-31
EMP00948,Ledoux,Pauline,60,F,RH,Chef de projet,39871.38,,Stage,2024-05-06
EMP00949,Descamps,René,47,F,Production,RH,35152.57,Bac,CDD,2018-08-04
EMP00950,Renault,Victor,47,H,Finance,Chef de projet,34354.73,Bac+2,CDI,2019-10-31
EMP00951,Salmon,Thomas,50,H,Informatique,Chargé de com,45322.47,Bac+3,CDI,2021-04-15
EMP00952,Rossi,Françoise,26,F,Logistique,Technicien,21713.58,Doctorat,Stage,2024-11-02
EMP00953,Boucher,Hélène,62,F,Finance,Technicien,38990.18,Bac,Stage,2019-02-16
EMP00954,Breton,Margot,38,H,Production,Comptable,29618.86,Bac+2,CDD,2019-10-16
EMP00955,Millet,Noël,36,H,Production,Chef de projet,52568.56,Bac,Stage,2023-04-03
EMP00956,Royer,Alexandrie,43,H,Marketing,Chef de projet,28953.64,Master,CDI,
EMP00957,Bertrand,Hélène,20,H,Production,Chargé de com,27661.53,Bac+2,Alternance,2023-04-20
EMP00958,Richard,Pierre,26,F,Logistique,Développeur,35404.29,Bac+2,CDD,2021-02-23
EMP00959,Lecoq,Benjamin,54,F,Finance,Développeur,30328.73,Bac+3,CDI,2025-01-27
EMP00960,Leclerc,Julie,22,F,Logistique,Technicien,25932.3,Doctorat,CDD,2023-02-19
EMP00961,Petitjean,Nathalie,47,F,RH,Technicien,24237.79,Bac+3,Alternance,2025-05-31
EMP00962,Costa,Thibaut,30,H,RH,RH,43665.64,Bac,Alternance,2021-12-07
EMP00963,Lecomte,Christelle,37,F,Informatique,Chargé de com,22692.31,Bac+3,CDI,2024-11-23
EMP00964,Neveu,Jacqueline,32,F,Informatique,Comptable,33784.7,,Stage,2019-03-01
EMP00965,Rossi,Anastasie,35,,RH,Comptable,-1000.0,Master,CDI,2024-06-03
EMP00966,Thierry,Laurent,53,F,Production,Chargé de com,40835.96,,CDI,
EMP00967,Ledoux,Margaux,32,H,Logistique,Comptable,27186.78,Doctorat,CDD,2025-02-21
EMP00968,Maurice,Josette,45,F,RH,Développeur,30350.52,Bac,Stage,2024-08-09
EMP00969,Charpentier,Marine,41,H,Informatique,Comptable,-1000.0,Master,Stage,2022-10-01
EMP00970,Pinto,Monique,50,F,RH,Comptable,19719.85,Bac+2,CDD,2020-12-08
EMP00971,Parent,Marc,63,H,Production,Chargé de com,36300.14,Bac+3,CDI,2017-12-29
EMP00972,Robin,Augustin,53,H,RH,Chargé de com,32308.03,Bac+2,CDD,2020-09-25
EMP00973,Philippe,Honoré,28,F,Logistique,Comptable,43524.68,Bac+2,CDI,2020-02-09
EMP00974,Lemoine,Océane,19,H,Finance,Chef de projet,25414.36,,CDI,2016-11-10
EMP00975,Morvan,Frédérique,30,F,Production,Chargé de com,40709.57,Bac+2,CDD,2022-02-20
EMP00976,Cohen,Aimé,47,H,Informatique,RH,41273.87,Doctorat,CDD,2019-08-01
EMP00977,Le Roux,Honoré,20,F,Logistique,RH,32376.57,Bac,CDI,2021-05-07
EMP00978,Nicolas,Astrid,42,F,RH,Développeur,14633.11,Bac,CDD,2018-10-06
EMP00979,Rivière,Sabine,47,F,RH,Comptable,27899.46,Doctorat,CDI,2022-11-25
EMP00980,Guibert,Auguste,34,H,Finance,Chef de projet,46286.97,Master,CDI,2018-03-16
EMP00981,Delannoy,Théophile,55,H,Informatique,Développeur,34376.45,Master,Stage,2024-05-23
EMP00982,Allain,Susanne,23,H,Informatique,Comptable,37547.2,Bac+2,CDI,2020-08-20
EMP00983,Roy,Hélène,21,H,Marketing,Chargé de com,31286.67,Bac+3,Stage,2017-01-04
EMP00984,François,Simone,53,F,Informatique,RH,30212.46,Master,CDI,2018-05-21
EMP00985,Verdier,Augustin,42,Autre,Finance,Technicien,17061.24,Master,CDD,2024-04-27
EMP00986,Peltier,Manon,51,F,Marketing,Chef de projet,38357.91,Bac+3,CDI,Non précisé
EMP00987,Deschamps,Renée,39,F,Marketing,Technicien,40637.45,,CDI,2017-06-03
EMP00988,Peron,Thomas,30,F,RH,RH,24393.1,Master,CDD,2022-06-18
EMP00989,Perrin,Suzanne,58,F,RH,Technicien,30569.16,,,2018-05-08
EMP00990,Bouvier,Margaux,57,H,Informatique,Chargé de com,29490.07,Master,CDI,2022-10-11
EMP00991,Pereira,Gabriel,52,Autre,Marketing,Comptable,35361.23,Master,CDD,2020-01-09
EMP00992,Mahe,Marcel,31,F,RH,Chargé de com,27645.09,Bac,Stage,2022-02-18
EMP00993,Hernandez,Sébastien,46,F,Finance,Technicien,39450.73,Bac+2,CDD,2017-01-26
EMP00994,Weber,Roland,35,H,RH,Chargé de com,32570.59,Doctorat,Alternance,2022-10-05
EMP00995,Perret,Alphonse,22,H,Production,RH,11604.62,Bac+2,CDI,
EMP00996,Rossi,Arnaude,62,F,Production,Chef de projet,35541.76,Bac,,2024-07-21
EMP00997,Klein,Aimé,24,F,RH,Chargé de com,39970.81,Bac+2,CDD,2024-04-30
EMP00998,Gimenez,Alix,64,F,Marketing,RH,22783.51,Bac+2,CDD,2022-03-28
EMP00999,Dumas,Élisabeth,39,H,Marketing,Chef de projet,35269.82,,Alternance,2023-09-12
EMP01000,Leroux,Marguerite,27,,Logistique,Comptable,46639.68,Doctorat,CDD,2024-01-06
EMP01001,Menard,Olivie,44,H,Production,Technicien,32896.53,Bac+3,CDD,2024-11-29
EMP01002,Paris,Michèle,60,H,Finance,Comptable,41133.03,Bac,Stage,2025-05-18
EMP01003,Imbert,Jeanne,53,H,Marketing,Développeur,28462.76,Master,CDD,2017-04-24
EMP01004,Bernier,Laurence,57,F,Informatique,RH,31856.29,Master,CDI,2022-06-19
EMP01005,Bourdon,Marcelle,50,Autre,Production,Chef de projet,30363.03,,Stage,2021-03-20
EMP01006,Traore,Susanne,51,H,Finance,Chargé de com,28903.04,Bac+3,CDI,2021-09-23
EMP01007,Laurent,Maurice,59,F,Finance,Comptable,30818.22,Bac+2,Alternance,2017-08-25
EMP01008,Hamel,Robert,30,H,Marketing,Chef de projet,18954.55,Bac+3,,2018-10-15
EMP01009,Chartier,Émilie,41,Autre,Finance,RH,29352.96,,CDD,2017-08-01
EMP01010,Vasseur,Audrey,28,F,Marketing,Développeur,42702.45,Master,CDD,2021-02-26
EMP01011,Leclercq,Paulette,150,F,RH,Comptable,24290.48,Master,CDI,2022-01-23
EMP01012,Robert,Pauline,64,H,Production,Technicien,23470.93,Bac+2,CDI,2017-12-14
EMP01013,Morin,Sabine,19,,Logistique,Chef de projet,32489.7,Master,,
EMP01014,Grondin,Pauline,52,F,RH,Technicien,32889.47,Master,CDI,2023-05-23
EMP01015,Coulon,Julie,63,H,Production,Chef de projet,35019.72,Bac+2,CDD,2021-12-18
EMP01016,Barthelemy,Juliette,26,F,Marketing,Chef de projet,31090.09,Bac+3,Alternance,2020-01-14
EMP01017,Paul,Mathilde,45,H,Production,RH,32574.91,Bac+2,Alternance,2016-08-22
EMP01018,Delattre,Paulette,62,F,Marketing,RH,29192.92,Bac+2,CDD,2017-09-16
EMP01019,Michel,Denise,19,H,RH,RH,21793.63,Bac,CDD,2016-08-03
EMP01020,Roux,David,52,F,Informatique,Chargé de com,31428.87,Bac+2,Stage,2023-03-14
EMP01021,Simon,Anaïs,32,F,Informatique,Chef de projet,37796.78,Bac+3,,2023-11-28
EMP01022,Delannoy,Benjamin,63,H,Production,Comptable,36120.44,Bac,Stage,2025-10-12
EMP01023,Lopez,Colette,-1,H,Informatique,Technicien,18046.06,Bac+2,CDD,2022-04-12
EMP01024,Samson,Aurélie,64,H,Marketing,RH,34015.4,Doctorat,CDI,2021-11-09
EMP01025,Le Goff,Mathilde,41,F,Finance,RH,24857.84,Bac+3,CDI,2021-12-18
EMP01026,Sauvage,Valérie,60,H,Marketing,Technicien,43137.31,Master,CDD,
EMP01027,Marie,Céline,59,F,Finance,Technicien,34610.16,Bac+3,,2023-09-15
EMP01028,Dias,Simone,33,H,RH,Chef de projet,39170.27,Master,Alternance,2023-10-26
EMP01029,Duval,Margot,58,H,Logistique,RH,32169.35,Bac,,2025-09-13
EMP01030,Martins,Roland,19,F,Finance,Technicien,31471.56,Doctorat,CDD,2017-01-23
EMP01031,Mary,Diane,47,H,Informatique,Chargé de com,43966.76,Bac,Stage,2022-01-22
EMP01032,Maurice,Alfred,29,Autre,Marketing,Chargé de com,39782.2,Master,Alternance,2018-07-16
EMP01033,Dijoux,Nathalie,23,F,RH,RH,32942.87,Bac+2,Stage,
EMP01034,Dumont,Théodore,21,F,Informatique,Technicien,30402.67,Master,CDD,
EMP01035,Boulay,Claire,52,F,RH,Chef de projet,18342.6,Bac+3,CDD,2025-03-15
EMP01036,Morel,Michelle,34,F,Logistique,Chef de projet,34596.54,Bac+3,Alternance,2023-12-27
EMP01037,Blondel,Céline,53,H,Marketing,Chef de projet,30991.17,Bac,CDI,2016-05-06
EMP01038,Techer,Gabrielle,21,H,Production,Développeur,36431.65,Master,,2024-04-15
EMP01039,Guillaume,Sophie,33,H,Marketing,RH,38862.55,,CDI,2021-06-07
EMP01040,Hebert,René,44,F,Logistique,Chef de projet,41863.37,Doctorat,Stage,2023-03-07
EMP01041,Caron,Thérèse,56,H,Marketing,Chargé de com,34695.94,Bac,Stage,2024-02-26
EMP01042,Coste,Olivier,33,F,Production,Technicien,23629.12,Bac+2,Stage,2019-09-23
EMP01043,Dumas,Gilles,48,,Finance,Comptable,14805.49,,CDD,2021-06-18
EMP01044,Schmitt,Jérôme,61,F,RH,Comptable,25402.4,Bac+3,,2021-12-20
EMP01045,Pichon,Chantal,48,F,Production,Chef de projet,42667.91,Master,Stage,2023-01-31
EMP01046,Le Gall,Dominique,29,H,Informatique,Comptable,46587.93,,CDI,2020-01-25
EMP01047,Benard,Corinne,19,F,Logistique,Comptable,30096.79,Doctorat,Stage,2020-12-26
EMP01048,Barbier,Émile,60,F,Finance,Développeur,20312.33,Bac+3,CDI,2022-09-13
EMP01049,Mace,Philippine,19,H,Informatique,Chargé de com,26812.69,Bac+3,CDI,
EMP01050,Leleu,Emmanuel,60,H,Informatique,Chargé de com,41102.45,Bac+2,CDD,2025-09-22
EMP01051,Marchal,Agnès,43,Autre,Logistique,Développeur,27271.89,Master,Alternance,2020-09-09
EMP01052,Collin,Michèle,63,F,Finance,Développeur,36712.99,Bac+2,CDD,2019-05-21
EMP01053,Guichard,Arnaude,57,F,Informatique,Comptable,33348.47,Bac+2,Stage,2019-07-02
EMP01054,Diaz,Céline,150,F,Informatique,RH,37680.03,Bac+2,CDD,2022-05-18
EMP01055,Evrard,Joséphine,35,F,Finance,Technicien,46544.09,Bac,CDI,2025-04-13
EMP01056,Lefèvre,Anaïs,55,F,Marketing,Technicien,36718.25,Master,,2023-12-29
EMP01057,Thierry,Alfred,37,H,Informatique,Comptable,33175.33,Master,Stage,2016-02-13
EMP01058,Payet,Alexandre,41,H,RH,Technicien,47426.99,Bac+3,,2016-05-30
EMP01059,Fournier,Victor,48,H,Finance,Développeur,34796.42,Bac+2,CDI,2023-04-12
EMP01060,Guillet,Jacques,60,F,Informatique,Chargé de com,25656.42,,CDI,2021-02-24
EMP01061,Sanchez,Claude,150,F,Logistique,Technicien,37499.72,Bac,Alternance,2023-07-15
EMP01062,Maury,Honoré,55,F,Production,Comptable,35579.64,Master,Stage,2019-10-11
EMP01063,Bertrand,Louis,38,H,RH,RH,29536.78,,CDI,2019-11-27
EMP01064,De Oliveira,Guillaume,38,F,Production,Comptable,27859.31,Bac+3,CDI,2024-01-13
EMP01065,Gallet,Timothée,54,F,Production,Chef de projet,29613.92,Bac+3,Alternance,2021-10-18
EMP01066,Guillon,Alain,29,F,Informatique,Comptable,27744.89,,CDD,2021-03-04
EMP01067,Bègue,Bertrand,23,F,RH,Développeur,29873.92,Bac+2,Stage,2019-09-27
EMP01068,Gillet,Éléonore,35,H,RH,Chargé de com,25257.63,Bac+3,CDD,2019-05-25
EMP01069,Benard,Sabine,32,F,Marketing,Chargé de com,35089.24,Bac+3,CDD,2019-02-28
EMP01070,Delmas,Timothée,32,H,Production,Technicien,34489.61,Bac+2,,2025-05-02
EMP01071,Pons,Auguste,29,H,RH,Développeur,34761.61,Doctorat,CDI,2020-09-16
EMP01072,Clerc,René,20,F,Marketing,Chef de projet,31501.05,Doctorat,CDD,2022-08-20
EMP01073,Roy,Sylvie,18,F,Finance,Développeur,30578.69,Master,Alternance,2016-05-05
EMP01074,Henry,Léon,150,,Marketing,Comptable,43536.05,Bac,CDI,2023-11-21
EMP01075,Guichard,Alice,38,F,Logistique,Développeur,32539.25,Bac,CDD,2025-01-22
EMP01076,Roger,Olivier,36,F,Informatique,Développeur,42110.13,Master,Stage,2021-04-08
EMP01077,Pons,Élodie,51,F,Finance,Chef de projet,24028.67,Bac,CDD,2022-05-12
EMP01078,Jacques,Tristan,28,F,Finance,Comptable,36713.42,Master,CDD,2019-06-12
EMP01079,Guérin,Jules,64,H,Logistique,RH,26122.38,Bac+3,CDD,2016-06-29
EMP01080,Pereira,Sabine,56,H,Marketing,RH,27550.78,Master,CDD,2020-09-24
EMP01081,Maillard,Lucie,22,H,Informatique,Chargé de com,28704.75,Bac+3,Stage,2023-10-08
EMP01082,Jean,Noël,38,F,Marketing,Technicien,28203.21,Bac+3,Stage,2016-03-21
EMP01083,Garcia,Adrienne,61,H,RH,Développeur,28243.16,Bac+2,CDI,2020-04-18
EMP01084,Courtois,Virginie,64,H,Marketing,Chargé de com,41738.2,Bac+2,Stage,2019-01-01
EMP01085,Hubert,Inès,40,H,Finance,Chef de projet,32363.29,Bac+3,,2025-04-06
EMP01086,Thibault,Agathe,48,,Informatique,RH,33800.44,Master,CDD,2020-05-15
EMP01087,Georges,Marcelle,26,H,Marketing,Développeur,28342.72,Master,Stage,2023-03-05
EMP01088,Maillet,Émilie,150,F,Informatique,Chef de projet,38855.51,Master,CDD,2021-03-07
EMP01089,Prévost,Odette,29,H,Informatique,Technicien,34840.45,,Alternance,2021-01-11
EMP01090,Rodriguez,Christine,64,F,RH,Chef de projet,29528.57,Bac+2,,2017-10-06
EMP01091,Ollivier,Odette,49,H,RH,Développeur,19325.73,Bac,CDI,2025-08-05
EMP01092,Baron,Marie,47,H,Finance,Technicien,33730.37,Bac+2,CDD,2023-10-05
EMP01093,Morvan,Gabriel,43,F,Logistique,Chef de projet,36605.44,Master,CDD,2024-09-09
EMP01094,Dubois,Isaac,29,H,Informatique,Technicien,24169.22,Bac+3,CDD,2019-11-06
EMP01095,Legros,Sylvie,26,H,Logistique,Développeur,29636.84,Doctorat,CDI,2018-03-28
EMP01096,Lopes,Jérôme,28,H,Finance,Développeur,36297.28,Bac+3,Alternance,2023-06-19
EMP01097,Roger,Georges,27,H,Informatique,Technicien,19432.58,,CDI,2022-03-03
EMP01098,Collet,Édouard,56,H,Informatique,Comptable,26809.18,,CDD,2017-04-05
EMP01099,Mallet,Louis,35,H,Production,Chargé de com,35015.27,Bac,Stage,2022-07-23
EMP01100,Roy,Joséphine,20,F,Logistique,Chef de projet,40840.15,Bac+3,CDI,2020-07-15
EMP01101,Dupuis,Josette,-1,F,Marketing,Chef de projet,49486.24,Master,,2023-08-05
EMP01102,Guillet,Renée,61,F,RH,Comptable,47669.24,Bac+2,Alternance,2023-03-23
EMP01103,Gauthier,Hugues,63,H,Marketing,Comptable,33150.16,Bac+3,CDD,2019-02-28
EMP01104,Guérin,Philippine,150,Autre,Logistique,Comptable,28126.18,Master,CDD,2025-04-01
EMP01105,Pierre,Arnaude,26,H,RH,RH,39384.98,Bac+2,CDI,2025-03-30
EMP01106,Duval,Martine,37,H,Marketing,RH,27651.26,Master,Stage,2022-01-05
EMP01107,Letellier,Nathalie,55,F,Production,Technicien,25903.24,Master,CDI,2020-12-03
EMP01108,Lefebvre,Guy,52,H,RH,RH,29557.87,Bac,Stage,2024-06-07
EMP01109,Simon,Nath,25,H,Informatique,Développeur,28554.61,Bac+3,Alternance,2016-06-06
EMP01110,Guillot,Éléonore,57,F,Marketing,Technicien,35301.04,Bac+2,CDI,2021-08-21
EMP01111,Vallée,Xavier,28,F,RH,Chef de projet,27180.79,Master,Alternance,2019-10-28
EMP01112,Duval,Thibaut,28,F,Production,Chargé de com,32680.98,Bac,CDI,2024-11-20
EMP01113,Gallet,Michèle,44,F,RH,Développeur,44759.63,Doctorat,,2016-04-30
EMP01114,Rémy,Virginie,47,,RH,Chef de projet,32977.13,Bac+3,CDI,2023-04-26
EMP01115,Martel,Hélène,46,H,Production,Chef de projet,44133.94,Bac,Stage,2017-05-15
EMP01116,Martinez,Adrienne,22,H,Marketing,Technicien,41616.45,Bac+3,CDI,2021-02-11
EMP01117,Lefèvre,Gabriel,60,H,Finance,Comptable,36736.32,Bac+3,Alternance,2015-12-02
EMP01118,Masson,Adélaïde,31,H,Marketing,Comptable,29166.78,Bac+3,CDD,2025-05-31
EMP01119,Guyon,Thérèse,24,H,Logistique,Développeur,40324.06,Bac+3,CDI,2021-08-29
EMP01120,Diallo,Martin,61,Autre,Production,Comptable,30000.2,Bac+3,CDD,2023-12-29
EMP01121,Laurent,Denise,64,F,Marketing,Chef de projet,31983.92,Bac,CDD,2016-08-26
EMP01122,Dupré,Timothée,60,F,RH,Comptable,34641.59,Bac,Stage,2022-09-10
EMP01123,Ollivier,Dominique,57,H,Production,RH,31957.06,Master,Alternance,2018-06-18
EMP01124,David,Thérèse,50,F,Informatique,Comptable,26237.86,Bac+3,CDD,2023-06-21
EMP01125,Bonnin,Laurent,44,,Marketing,Chef de projet,19783.21,Bac+2,CDI,
EMP01126,Brunet,Gérard,22,F,Production,Technicien,39673.06,Doctorat,CDI,2023-11-11
EMP01127,Munoz,Susan,37,H,Marketing,Développeur,36562.74,Bac+2,CDD,2019-10-19
EMP01128,Bouchet,Jacques,36,F,Production,Chargé de com,-1000.0,Master,CDD,2015-12-05
EMP01129,Lejeune,Paul,30,H,RH,Comptable,26025.7,Bac+2,CDD,2016-10-02
EMP01130,Chevallier,Diane,53,H,Informatique,Chef de projet,33432.52,Bac,CDI,2020-12-13
EMP01131,Pelletier,Madeleine,42,H,Informatique,Chargé de com,35540.58,,CDD,2025-09-21
EMP01132,Hernandez,Anastasie,21,F,Logistique,Chargé de com,19852.37,Bac+2,,2022-12-18
EMP01133,Pelletier,Daniel,28,F,Production,RH,31286.09,Master,CDI,
EMP01134,Peltier,Jacqueline,51,H,Marketing,Chargé de com,36317.24,Bac+2,CDD,2016-01-23
EMP01135,Riou,Joséphine,21,H,Informatique,Technicien,29187.91,Master,Stage,2017-05-17
EMP01136,Vasseur,Roger,59,F,Informatique,Chef de projet,34046.64,Doctorat,Stage,2019-11-21
EMP01137,Blanc,Jules,42,H,Finance,Chef de projet,28099.58,Bac,CDD,2020-11-27
EMP01138,Humbert,Caroline,41,H,Finance,Comptable,39273.57,Doctorat,Stage,Non précisé
EMP01139,Laurent,Stéphane,47,H,Informatique,Comptable,25605.71,Bac+3,Alternance,
EMP01140,Breton,Philippine,58,F,Production,Comptable,22863.37,Master,CDI,2025-06-11
EMP01141,Bonneau,Marine,35,H,Logistique,Technicien,32231.41,Bac+3,CDD,2023-08-16
EMP01142,Lebrun,Timothée,51,H,Informatique,Chargé de com,20531.79,Doctorat,CDI,2016-03-17
EMP01143,Gaudin,Dorothée,45,H,RH,Chargé de com,15159.11,Bac,CDD,2025-04-02
EMP01144,Cordier,Aurélie,31,Autre,Marketing,RH,40669.88,Bac+2,CDD,2024-10-21
EMP01145,Bourgeois,Jacqueline,61,F,Logistique,Technicien,24126.2,Doctorat,Stage,Non précisé
EMP01146,Charpentier,Benoît,57,F,RH,Comptable,21330.79,Master,CDI,2021-05-24
EMP01147,Chauvin,Guillaume,50,H,Logistique,Développeur,25505.93,Bac,CDD,2021-09-18
EMP01148,Tanguy,André,59,F,RH,RH,25146.79,Bac+3,CDD,2016-08-04
EMP01149,Courtois,Luce,60,H,Marketing,Développeur,30863.11,Bac+3,CDD,2020-04-01
EMP01150,Delmas,Adrien,52,F,Marketing,Chargé de com,23252.11,Bac+3,Stage,2025-02-04
EMP01151,Legrand,Pénélope,58,Autre,Finance,RH,35985.49,Bac+2,CDD,2025-01-22
EMP01152,Andre,Élise,52,F,Production,RH,37169.87,Master,,2020-12-12
EMP01153,Besnard,Lucie,51,F,RH,Chef de projet,21800.07,Bac+2,CDD,2024-10-16
EMP01154,Peron,Pénélope,48,F,Finance,Chargé de com,27055.23,Master,CDD,2023-04-12
EMP01155,Prévost,Andrée,54,H,RH,Chargé de com,27815.54,Doctorat,Alternance,2022-07-18
EMP01156,Delattre,Nicolas,25,Autre,Finance,Technicien,30679.94,Bac+3,CDI,2021-10-08
EMP01157,Lebon,Franck,61,H,Marketing,RH,40661.47,Bac+2,CDI,2022-11-05
EMP01158,Fouquet,Roger,60,F,Logistique,Chargé de com,41122.51,Bac+2,Stage,2023-03-08
EMP01159,Germain,Alain,19,H,Finance,RH,51990.94,Bac+3,CDD,2017-01-29
EMP01160,Letellier,Thibault,58,H,RH,Technicien,13845.01,Master,Alternance,2016-02-04
EMP01161,Jacquet,Jeannine,24,H,RH,Technicien,24605.63,Bac+2,,2020-11-04
EMP01162,Blanc,Luce,34,H,Production,Chef de projet,46512.07,Master,CDD,2025-09-15
EMP01163,Giraud,Laure,54,F,Marketing,RH,17594.4,Bac+2,CDD,2020-01-14
EMP01164,Lecoq,Colette,25,F,RH,Chargé de com,46330.12,Bac+2,CDD,2022-06-10
EMP01165,Lambert,Antoinette,58,H,Informatique,Chargé de com,33178.81,Bac,CDD,
EMP01166,Traore,Laure,58,H,Logistique,RH,33473.06,Bac,Stage,2022-03-09
EMP01167,Alves,Émile,42,F,Finance,RH,21761.62,Bac+2,Stage,2019-04-29
EMP01168,Roy,Auguste,18,H,Production,RH,28390.69,Bac+3,CDD,
EMP01169,Lacroix,Jacques,32,F,Logistique,Comptable,45979.01,Doctorat,CDI,2017-07-28
EMP01170,Munoz,Nicolas,48,F,Marketing,Chargé de com,31618.53,Master,CDD,2020-10-28
EMP01171,Diaz,Audrey,150,F,Production,Technicien,28444.01,Bac+2,CDI,2022-05-04
EMP01172,Didier,Anastasie,48,F,Finance,Chargé de com,35245.75,Bac+2,Alternance,2022-05-10
EMP01173,Peron,Margaret,30,H,Finance,Comptable,30462.26,Bac+2,CDI,2023-01-11
EMP01174,Le Goff,Chantal,49,F,Informatique,RH,34761.21,Bac+2,Alternance,
EMP01175,Hamel,Pénélope,44,H,Marketing,Chef de projet,25202.07,Bac+3,Stage,2016-03-25
EMP01176,Laporte,Nicolas,56,H,Production,RH,31382.78,Bac+3,Stage,2016-11-18
EMP01177,Maillot,Marine,23,F,Production,RH,26871.39,Bac+2,CDD,2018-02-17
EMP01178,Blot,Pauline,55,H,RH,Comptable,17568.27,Bac,Stage,2017-08-21
EMP01179,Cousin,Adrienne,44,F,Informatique,Chargé de com,35855.66,Bac,Stage,2016-07-26
EMP01180,Coste,Véronique,-1,F,Informatique,RH,22129.82,Bac,Stage,2018-02-12
EMP01181,Pineau,Victor,34,F,Production,Chargé de com,30682.07,Master,CDD,2021-01-15
EMP01182,Klein,Aurélie,48,Autre,Production,Développeur,39408.55,Bac+2,CDD,2025-07-17
EMP01183,Collet,Nicolas,63,H,Logistique,Technicien,20017.49,Bac+3,Stage,2019-10-30
EMP01184,Michaud,Anne,23,H,Logistique,Chargé de com,36837.47,Bac+3,CDI,
EMP01185,Étienne,Clémence,63,F,Logistique,Chef de projet,29601.49,Doctorat,CDD,
EMP01186,Gay,Luce,51,H,Informatique,Technicien,24267.81,Doctorat,,2024-03-08
EMP01187,Barbe,Susanne,21,F,RH,Chef de projet,48183.39,Master,CDI,2020-10-01
EMP01188,Chrétien,Nicolas,32,F,Finance,RH,31995.55,Bac,CDD,2017-04-25
EMP01189,Leleu,Raymond,52,F,Logistique,Technicien,27455.26,Bac+3,CDD,2025-09-20
EMP01190,Guillou,Frédéric,21,H,RH,Chargé de com,25758.3,Master,Stage,2016-11-03
EMP01191,Nicolas,Françoise,46,H,Marketing,Technicien,39049.3,Bac,CDI,2023-07-12
EMP01192,Blanchet,Bernard,34,H,Logistique,RH,27103.55,Bac+3,Stage,2022-01-05
EMP01193,Bouvet,Éric,48,H,Finance,Comptable,38052.14,Doctorat,CDI,
EMP01194,Lefèvre,Alexandrie,20,F,Marketing,Chef de projet,31980.16,Bac+3,CDI,2020-10-18
EMP01195,Boyer,Maurice,60,H,Marketing,RH,40929.5,Bac,Stage,2022-10-19
EMP01196,Roche,Capucine,-1,H,Finance,Comptable,23659.68,Bac,CDD,2021-08-08
EMP01197,Tanguy,Lucy,-1,H,Logistique,Technicien,24775.49,Bac+3,,2020-06-23
EMP01198,Labbé,Victor,54,F,Informatique,Technicien,29751.96,Bac,CDI,2018-07-25
EMP01199,Perret,Lucie,24,F,Finance,RH,30415.47,Master,CDD,2024-10-20
